State,Industry,Month,index,Series ID,Turnover
Australian Capital Territory,Newspaper and book retailing,1982-04,5293,A3349773T,2.3
Australian Capital Territory,Newspaper and book retailing,1982-05,5294,A3349773T,2.5
Australian Capital Territory,Newspaper and book retailing,1982-06,5295,A3349773T,2.3
Australian Capital Territory,Newspaper and book retailing,1982-07,5296,A3349773T,2.6
Australian Capital Territory,Newspaper and book retailing,1982-08,5297,A3349773T,2.6
Australian Capital Territory,Newspaper and book retailing,1982-09,5298,A3349773T,2.6
Australian Capital Territory,Newspaper and book retailing,1982-10,5299,A3349773T,2.7
Australian Capital Territory,Newspaper and book retailing,1982-11,5300,A3349773T,3.0
Australian Capital Territory,Newspaper and book retailing,1982-12,5301,A3349773T,4.9
Australian Capital Territory,Newspaper and book retailing,1983-01,5302,A3349773T,2.5
Australian Capital Territory,Newspaper and book retailing,1983-02,5303,A3349773T,3.0
Australian Capital Territory,Newspaper and book retailing,1983-03,5304,A3349773T,3.1
Australian Capital Territory,Newspaper and book retailing,1983-04,5305,A3349773T,2.6
Australian Capital Territory,Newspaper and book retailing,1983-05,5306,A3349773T,2.8
Australian Capital Territory,Newspaper and book retailing,1983-06,5307,A3349773T,2.8
Australian Capital Territory,Newspaper and book retailing,1983-07,5308,A3349773T,3.0
Australian Capital Territory,Newspaper and book retailing,1983-08,5309,A3349773T,3.2
Australian Capital Territory,Newspaper and book retailing,1983-09,5310,A3349773T,3.2
Australian Capital Territory,Newspaper and book retailing,1983-10,5311,A3349773T,3.1
Australian Capital Territory,Newspaper and book retailing,1983-11,5312,A3349773T,3.3
Australian Capital Territory,Newspaper and book retailing,1983-12,5313,A3349773T,4.9
Australian Capital Territory,Newspaper and book retailing,1984-01,5314,A3349773T,2.8
Australian Capital Territory,Newspaper and book retailing,1984-02,5315,A3349773T,2.9
Australian Capital Territory,Newspaper and book retailing,1984-03,5316,A3349773T,3.1
Australian Capital Territory,Newspaper and book retailing,1984-04,5317,A3349773T,2.9
Australian Capital Territory,Newspaper and book retailing,1984-05,5318,A3349773T,3.1
Australian Capital Territory,Newspaper and book retailing,1984-06,5319,A3349773T,2.8
Australian Capital Territory,Newspaper and book retailing,1984-07,5320,A3349773T,2.9
Australian Capital Territory,Newspaper and book retailing,1984-08,5321,A3349773T,3.0
Australian Capital Territory,Newspaper and book retailing,1984-09,5322,A3349773T,3.0
Australian Capital Territory,Newspaper and book retailing,1984-10,5323,A3349773T,2.7
Australian Capital Territory,Newspaper and book retailing,1984-11,5324,A3349773T,3.2
Australian Capital Territory,Newspaper and book retailing,1984-12,5325,A3349773T,4.0
Australian Capital Territory,Newspaper and book retailing,1985-01,5326,A3349773T,2.4
Australian Capital Territory,Newspaper and book retailing,1985-02,5327,A3349773T,2.4
Australian Capital Territory,Newspaper and book retailing,1985-03,5328,A3349773T,2.8
Australian Capital Territory,Newspaper and book retailing,1985-04,5329,A3349773T,2.3
Australian Capital Territory,Newspaper and book retailing,1985-05,5330,A3349773T,2.7
Australian Capital Territory,Newspaper and book retailing,1985-06,5331,A3349773T,2.4
Australian Capital Territory,Newspaper and book retailing,1985-07,5332,A3349773T,2.6
Australian Capital Territory,Newspaper and book retailing,1985-08,5333,A3349773T,2.6
Australian Capital Territory,Newspaper and book retailing,1985-09,5334,A3349773T,2.7
Australian Capital Territory,Newspaper and book retailing,1985-10,5335,A3349773T,2.7
Australian Capital Territory,Newspaper and book retailing,1985-11,5336,A3349773T,2.8
Australian Capital Territory,Newspaper and book retailing,1985-12,5337,A3349773T,3.4
Australian Capital Territory,Newspaper and book retailing,1986-01,5338,A3349773T,2.6
Australian Capital Territory,Newspaper and book retailing,1986-02,5339,A3349773T,2.8
Australian Capital Territory,Newspaper and book retailing,1986-03,5340,A3349773T,3.6
Australian Capital Territory,Newspaper and book retailing,1986-04,5341,A3349773T,2.7
Australian Capital Territory,Newspaper and book retailing,1986-05,5342,A3349773T,2.7
Australian Capital Territory,Newspaper and book retailing,1986-06,5343,A3349773T,2.6
Australian Capital Territory,Newspaper and book retailing,1986-07,5344,A3349773T,3.3
Australian Capital Territory,Newspaper and book retailing,1986-08,5345,A3349773T,4.6
Australian Capital Territory,Newspaper and book retailing,1986-09,5346,A3349773T,3.3
Australian Capital Territory,Newspaper and book retailing,1986-10,5347,A3349773T,3.0
Australian Capital Territory,Newspaper and book retailing,1986-11,5348,A3349773T,3.2
Australian Capital Territory,Newspaper and book retailing,1986-12,5349,A3349773T,3.4
Australian Capital Territory,Newspaper and book retailing,1987-01,5350,A3349773T,2.8
Australian Capital Territory,Newspaper and book retailing,1987-02,5351,A3349773T,3.1
Australian Capital Territory,Newspaper and book retailing,1987-03,5352,A3349773T,4.7
Australian Capital Territory,Newspaper and book retailing,1987-04,5353,A3349773T,4.1
Australian Capital Territory,Newspaper and book retailing,1987-05,5354,A3349773T,3.9
Australian Capital Territory,Newspaper and book retailing,1987-06,5355,A3349773T,4.1
Australian Capital Territory,Newspaper and book retailing,1987-07,5356,A3349773T,4.4
Australian Capital Territory,Newspaper and book retailing,1987-08,5357,A3349773T,4.4
Australian Capital Territory,Newspaper and book retailing,1987-09,5358,A3349773T,4.8
Australian Capital Territory,Newspaper and book retailing,1987-10,5359,A3349773T,4.9
Australian Capital Territory,Newspaper and book retailing,1987-11,5360,A3349773T,4.7
Australian Capital Territory,Newspaper and book retailing,1987-12,5361,A3349773T,7.3
Australian Capital Territory,Newspaper and book retailing,1988-01,5362,A3349773T,3.7
Australian Capital Territory,Newspaper and book retailing,1988-02,5363,A3349773T,4.8
Australian Capital Territory,Newspaper and book retailing,1988-03,5364,A3349773T,6.7
Australian Capital Territory,Newspaper and book retailing,1988-04,5365,A3349773T,5.1
Australian Capital Territory,Newspaper and book retailing,1988-05,5366,A3349773T,5.6
Australian Capital Territory,Newspaper and book retailing,1988-06,5367,A3349773T,5.0
Australian Capital Territory,Newspaper and book retailing,1988-07,5368,A3349773T,4.9
Australian Capital Territory,Newspaper and book retailing,1988-08,5369,A3349773T,5.3
Australian Capital Territory,Newspaper and book retailing,1988-09,5370,A3349773T,4.9
Australian Capital Territory,Newspaper and book retailing,1988-10,5371,A3349773T,4.9
Australian Capital Territory,Newspaper and book retailing,1988-11,5372,A3349773T,5.5
Australian Capital Territory,Newspaper and book retailing,1988-12,5373,A3349773T,7.3
Australian Capital Territory,Newspaper and book retailing,1989-01,5374,A3349773T,4.5
Australian Capital Territory,Newspaper and book retailing,1989-02,5375,A3349773T,4.8
Australian Capital Territory,Newspaper and book retailing,1989-03,5376,A3349773T,5.0
Australian Capital Territory,Newspaper and book retailing,1989-04,5377,A3349773T,4.6
Australian Capital Territory,Newspaper and book retailing,1989-05,5378,A3349773T,5.2
Australian Capital Territory,Newspaper and book retailing,1989-06,5379,A3349773T,4.0
Australian Capital Territory,Newspaper and book retailing,1989-07,5380,A3349773T,4.1
Australian Capital Territory,Newspaper and book retailing,1989-08,5381,A3349773T,4.7
Australian Capital Territory,Newspaper and book retailing,1989-09,5382,A3349773T,4.5
Australian Capital Territory,Newspaper and book retailing,1989-10,5383,A3349773T,4.3
Australian Capital Territory,Newspaper and book retailing,1989-11,5384,A3349773T,4.3
Australian Capital Territory,Newspaper and book retailing,1989-12,5385,A3349773T,5.8
Australian Capital Territory,Newspaper and book retailing,1990-01,5386,A3349773T,4.1
Australian Capital Territory,Newspaper and book retailing,1990-02,5387,A3349773T,5.2
Australian Capital Territory,Newspaper and book retailing,1990-03,5388,A3349773T,5.1
Australian Capital Territory,Newspaper and book retailing,1990-04,5389,A3349773T,4.2
Australian Capital Territory,Newspaper and book retailing,1990-05,5390,A3349773T,4.6
Australian Capital Territory,Newspaper and book retailing,1990-06,5391,A3349773T,4.6
Australian Capital Territory,Newspaper and book retailing,1990-07,5392,A3349773T,4.4
Australian Capital Territory,Newspaper and book retailing,1990-08,5393,A3349773T,5.0
Australian Capital Territory,Newspaper and book retailing,1990-09,5394,A3349773T,4.2
Australian Capital Territory,Newspaper and book retailing,1990-10,5395,A3349773T,4.9
Australian Capital Territory,Newspaper and book retailing,1990-11,5396,A3349773T,5.2
Australian Capital Territory,Newspaper and book retailing,1990-12,5397,A3349773T,6.2
Australian Capital Territory,Newspaper and book retailing,1991-01,5398,A3349773T,4.2
Australian Capital Territory,Newspaper and book retailing,1991-02,5399,A3349773T,4.5
Australian Capital Territory,Newspaper and book retailing,1991-03,5400,A3349773T,5.3
Australian Capital Territory,Newspaper and book retailing,1991-04,5401,A3349773T,4.4
Australian Capital Territory,Newspaper and book retailing,1991-05,5402,A3349773T,4.5
Australian Capital Territory,Newspaper and book retailing,1991-06,5403,A3349773T,4.4
Australian Capital Territory,Newspaper and book retailing,1991-07,5404,A3349773T,4.6
Australian Capital Territory,Newspaper and book retailing,1991-08,5405,A3349773T,5.0
Australian Capital Territory,Newspaper and book retailing,1991-09,5406,A3349773T,4.7
Australian Capital Territory,Newspaper and book retailing,1991-10,5407,A3349773T,4.7
Australian Capital Territory,Newspaper and book retailing,1991-11,5408,A3349773T,4.9
Australian Capital Territory,Newspaper and book retailing,1991-12,5409,A3349773T,7.1
Australian Capital Territory,Newspaper and book retailing,1992-01,5410,A3349773T,4.8
Australian Capital Territory,Newspaper and book retailing,1992-02,5411,A3349773T,5.3
Australian Capital Territory,Newspaper and book retailing,1992-03,5412,A3349773T,6.2
Australian Capital Territory,Newspaper and book retailing,1992-04,5413,A3349773T,4.6
Australian Capital Territory,Newspaper and book retailing,1992-05,5414,A3349773T,5.0
Australian Capital Territory,Newspaper and book retailing,1992-06,5415,A3349773T,5.1
Australian Capital Territory,Newspaper and book retailing,1992-07,5416,A3349773T,5.6
Australian Capital Territory,Newspaper and book retailing,1992-08,5417,A3349773T,5.4
Australian Capital Territory,Newspaper and book retailing,1992-09,5418,A3349773T,5.9
Australian Capital Territory,Newspaper and book retailing,1992-10,5419,A3349773T,5.3
Australian Capital Territory,Newspaper and book retailing,1992-11,5420,A3349773T,5.6
Australian Capital Territory,Newspaper and book retailing,1992-12,5421,A3349773T,8.4
Australian Capital Territory,Newspaper and book retailing,1993-01,5422,A3349773T,4.7
Australian Capital Territory,Newspaper and book retailing,1993-02,5423,A3349773T,5.7
Australian Capital Territory,Newspaper and book retailing,1993-03,5424,A3349773T,6.7
Australian Capital Territory,Newspaper and book retailing,1993-04,5425,A3349773T,5.6
Australian Capital Territory,Newspaper and book retailing,1993-05,5426,A3349773T,6.0
Australian Capital Territory,Newspaper and book retailing,1993-06,5427,A3349773T,6.6
Australian Capital Territory,Newspaper and book retailing,1993-07,5428,A3349773T,7.4
Australian Capital Territory,Newspaper and book retailing,1993-08,5429,A3349773T,7.4
Australian Capital Territory,Newspaper and book retailing,1993-09,5430,A3349773T,6.8
Australian Capital Territory,Newspaper and book retailing,1993-10,5431,A3349773T,7.0
Australian Capital Territory,Newspaper and book retailing,1993-11,5432,A3349773T,7.3
Australian Capital Territory,Newspaper and book retailing,1993-12,5433,A3349773T,10.8
Australian Capital Territory,Newspaper and book retailing,1994-01,5434,A3349773T,7.0
Australian Capital Territory,Newspaper and book retailing,1994-02,5435,A3349773T,7.7
Australian Capital Territory,Newspaper and book retailing,1994-03,5436,A3349773T,8.3
Australian Capital Territory,Newspaper and book retailing,1994-04,5437,A3349773T,6.9
Australian Capital Territory,Newspaper and book retailing,1994-05,5438,A3349773T,7.8
Australian Capital Territory,Newspaper and book retailing,1994-06,5439,A3349773T,7.5
Australian Capital Territory,Newspaper and book retailing,1994-07,5440,A3349773T,7.3
Australian Capital Territory,Newspaper and book retailing,1994-08,5441,A3349773T,7.1
Australian Capital Territory,Newspaper and book retailing,1994-09,5442,A3349773T,7.0
Australian Capital Territory,Newspaper and book retailing,1994-10,5443,A3349773T,6.3
Australian Capital Territory,Newspaper and book retailing,1994-11,5444,A3349773T,7.0
Australian Capital Territory,Newspaper and book retailing,1994-12,5445,A3349773T,9.7
Australian Capital Territory,Newspaper and book retailing,1995-01,5446,A3349773T,6.6
Australian Capital Territory,Newspaper and book retailing,1995-02,5447,A3349773T,7.0
Australian Capital Territory,Newspaper and book retailing,1995-03,5448,A3349773T,8.1
Australian Capital Territory,Newspaper and book retailing,1995-04,5449,A3349773T,7.9
Australian Capital Territory,Newspaper and book retailing,1995-05,5450,A3349773T,8.0
Australian Capital Territory,Newspaper and book retailing,1995-06,5451,A3349773T,7.7
Australian Capital Territory,Newspaper and book retailing,1995-07,5452,A3349773T,9.7
Australian Capital Territory,Newspaper and book retailing,1995-08,5453,A3349773T,8.6
Australian Capital Territory,Newspaper and book retailing,1995-09,5454,A3349773T,8.7
Australian Capital Territory,Newspaper and book retailing,1995-10,5455,A3349773T,7.9
Australian Capital Territory,Newspaper and book retailing,1995-11,5456,A3349773T,8.7
Australian Capital Territory,Newspaper and book retailing,1995-12,5457,A3349773T,10.3
Australian Capital Territory,Newspaper and book retailing,1996-01,5458,A3349773T,6.5
Australian Capital Territory,Newspaper and book retailing,1996-02,5459,A3349773T,7.0
Australian Capital Territory,Newspaper and book retailing,1996-03,5460,A3349773T,7.8
Australian Capital Territory,Newspaper and book retailing,1996-04,5461,A3349773T,6.3
Australian Capital Territory,Newspaper and book retailing,1996-05,5462,A3349773T,6.8
Australian Capital Territory,Newspaper and book retailing,1996-06,5463,A3349773T,6.0
Australian Capital Territory,Newspaper and book retailing,1996-07,5464,A3349773T,5.1
Australian Capital Territory,Newspaper and book retailing,1996-08,5465,A3349773T,5.4
Australian Capital Territory,Newspaper and book retailing,1996-09,5466,A3349773T,4.7
Australian Capital Territory,Newspaper and book retailing,1996-10,5467,A3349773T,4.5
Australian Capital Territory,Newspaper and book retailing,1996-11,5468,A3349773T,4.9
Australian Capital Territory,Newspaper and book retailing,1996-12,5469,A3349773T,9.7
Australian Capital Territory,Newspaper and book retailing,1997-01,5470,A3349773T,6.7
Australian Capital Territory,Newspaper and book retailing,1997-02,5471,A3349773T,6.1
Australian Capital Territory,Newspaper and book retailing,1997-03,5472,A3349773T,7.2
Australian Capital Territory,Newspaper and book retailing,1997-04,5473,A3349773T,6.5
Australian Capital Territory,Newspaper and book retailing,1997-05,5474,A3349773T,7.4
Australian Capital Territory,Newspaper and book retailing,1997-06,5475,A3349773T,6.8
Australian Capital Territory,Newspaper and book retailing,1997-07,5476,A3349773T,7.9
Australian Capital Territory,Newspaper and book retailing,1997-08,5477,A3349773T,7.4
Australian Capital Territory,Newspaper and book retailing,1997-09,5478,A3349773T,7.1
Australian Capital Territory,Newspaper and book retailing,1997-10,5479,A3349773T,6.7
Australian Capital Territory,Newspaper and book retailing,1997-11,5480,A3349773T,6.8
Australian Capital Territory,Newspaper and book retailing,1997-12,5481,A3349773T,10.2
Australian Capital Territory,Newspaper and book retailing,1998-01,5482,A3349773T,5.5
Australian Capital Territory,Newspaper and book retailing,1998-02,5483,A3349773T,5.9
Australian Capital Territory,Newspaper and book retailing,1998-03,5484,A3349773T,7.7
Australian Capital Territory,Newspaper and book retailing,1998-04,5485,A3349773T,5.8
Australian Capital Territory,Newspaper and book retailing,1998-05,5486,A3349773T,6.9
Australian Capital Territory,Newspaper and book retailing,1998-06,5487,A3349773T,7.1
Australian Capital Territory,Newspaper and book retailing,1998-07,5488,A3349773T,7.8
Australian Capital Territory,Newspaper and book retailing,1998-08,5489,A3349773T,7.2
Australian Capital Territory,Newspaper and book retailing,1998-09,5490,A3349773T,7.6
Australian Capital Territory,Newspaper and book retailing,1998-10,5491,A3349773T,7.7
Australian Capital Territory,Newspaper and book retailing,1998-11,5492,A3349773T,7.9
Australian Capital Territory,Newspaper and book retailing,1998-12,5493,A3349773T,10.9
Australian Capital Territory,Newspaper and book retailing,1999-01,5494,A3349773T,7.9
Australian Capital Territory,Newspaper and book retailing,1999-02,5495,A3349773T,9.2
Australian Capital Territory,Newspaper and book retailing,1999-03,5496,A3349773T,11.2
Australian Capital Territory,Newspaper and book retailing,1999-04,5497,A3349773T,11.3
Australian Capital Territory,Newspaper and book retailing,1999-05,5498,A3349773T,12.2
Australian Capital Territory,Newspaper and book retailing,1999-06,5499,A3349773T,11.1
Australian Capital Territory,Newspaper and book retailing,1999-07,5500,A3349773T,11.8
Australian Capital Territory,Newspaper and book retailing,1999-08,5501,A3349773T,11.0
Australian Capital Territory,Newspaper and book retailing,1999-09,5502,A3349773T,10.6
Australian Capital Territory,Newspaper and book retailing,1999-10,5503,A3349773T,12.1
Australian Capital Territory,Newspaper and book retailing,1999-11,5504,A3349773T,13.2
Australian Capital Territory,Newspaper and book retailing,1999-12,5505,A3349773T,17.0
Australian Capital Territory,Newspaper and book retailing,2000-01,5506,A3349773T,9.9
Australian Capital Territory,Newspaper and book retailing,2000-02,5507,A3349773T,10.7
Australian Capital Territory,Newspaper and book retailing,2000-03,5508,A3349773T,12.5
Australian Capital Territory,Newspaper and book retailing,2000-04,5509,A3349773T,11.2
Australian Capital Territory,Newspaper and book retailing,2000-05,5510,A3349773T,11.4
Australian Capital Territory,Newspaper and book retailing,2000-06,5511,A3349773T,11.5
Australian Capital Territory,Newspaper and book retailing,2000-07,5512,A3349773T,11.6
Australian Capital Territory,Newspaper and book retailing,2000-08,5513,A3349773T,12.2
Australian Capital Territory,Newspaper and book retailing,2000-09,5514,A3349773T,11.1
Australian Capital Territory,Newspaper and book retailing,2000-10,5515,A3349773T,11.2
Australian Capital Territory,Newspaper and book retailing,2000-11,5516,A3349773T,12.4
Australian Capital Territory,Newspaper and book retailing,2000-12,5517,A3349773T,15.2
Australian Capital Territory,Newspaper and book retailing,2001-01,5518,A3349773T,9.3
Australian Capital Territory,Newspaper and book retailing,2001-02,5519,A3349773T,10.5
Australian Capital Territory,Newspaper and book retailing,2001-03,5520,A3349773T,11.7
Australian Capital Territory,Newspaper and book retailing,2001-04,5521,A3349773T,8.2
Australian Capital Territory,Newspaper and book retailing,2001-05,5522,A3349773T,9.0
Australian Capital Territory,Newspaper and book retailing,2001-06,5523,A3349773T,8.7
Australian Capital Territory,Newspaper and book retailing,2001-07,5524,A3349773T,9.1
Australian Capital Territory,Newspaper and book retailing,2001-08,5525,A3349773T,8.1
Australian Capital Territory,Newspaper and book retailing,2001-09,5526,A3349773T,7.9
Australian Capital Territory,Newspaper and book retailing,2001-10,5527,A3349773T,7.8
Australian Capital Territory,Newspaper and book retailing,2001-11,5528,A3349773T,8.2
Australian Capital Territory,Newspaper and book retailing,2001-12,5529,A3349773T,11.7
Australian Capital Territory,Newspaper and book retailing,2002-01,5530,A3349773T,8.0
Australian Capital Territory,Newspaper and book retailing,2002-02,5531,A3349773T,9.6
Australian Capital Territory,Newspaper and book retailing,2002-03,5532,A3349773T,9.8
Australian Capital Territory,Newspaper and book retailing,2002-04,5533,A3349773T,8.6
Australian Capital Territory,Newspaper and book retailing,2002-05,5534,A3349773T,9.7
Australian Capital Territory,Newspaper and book retailing,2002-06,5535,A3349773T,8.7
Australian Capital Territory,Newspaper and book retailing,2002-07,5536,A3349773T,11.8
Australian Capital Territory,Newspaper and book retailing,2002-08,5537,A3349773T,11.8
Australian Capital Territory,Newspaper and book retailing,2002-09,5538,A3349773T,9.9
Australian Capital Territory,Newspaper and book retailing,2002-10,5539,A3349773T,9.5
Australian Capital Territory,Newspaper and book retailing,2002-11,5540,A3349773T,9.9
Australian Capital Territory,Newspaper and book retailing,2002-12,5541,A3349773T,12.8
Australian Capital Territory,Newspaper and book retailing,2003-01,5542,A3349773T,9.9
Australian Capital Territory,Newspaper and book retailing,2003-02,5543,A3349773T,11.1
Australian Capital Territory,Newspaper and book retailing,2003-03,5544,A3349773T,11.6
Australian Capital Territory,Newspaper and book retailing,2003-04,5545,A3349773T,9.3
Australian Capital Territory,Newspaper and book retailing,2003-05,5546,A3349773T,10.2
Australian Capital Territory,Newspaper and book retailing,2003-06,5547,A3349773T,9.8
Australian Capital Territory,Newspaper and book retailing,2003-07,5548,A3349773T,11.5
Australian Capital Territory,Newspaper and book retailing,2003-08,5549,A3349773T,11.2
Australian Capital Territory,Newspaper and book retailing,2003-09,5550,A3349773T,10.1
Australian Capital Territory,Newspaper and book retailing,2003-10,5551,A3349773T,9.7
Australian Capital Territory,Newspaper and book retailing,2003-11,5552,A3349773T,9.7
Australian Capital Territory,Newspaper and book retailing,2003-12,5553,A3349773T,14.2
Australian Capital Territory,Newspaper and book retailing,2004-01,5554,A3349773T,8.6
Australian Capital Territory,Newspaper and book retailing,2004-02,5555,A3349773T,10.1
Australian Capital Territory,Newspaper and book retailing,2004-03,5556,A3349773T,9.7
Australian Capital Territory,Newspaper and book retailing,2004-04,5557,A3349773T,8.6
Australian Capital Territory,Newspaper and book retailing,2004-05,5558,A3349773T,8.9
Australian Capital Territory,Newspaper and book retailing,2004-06,5559,A3349773T,8.8
Australian Capital Territory,Newspaper and book retailing,2004-07,5560,A3349773T,11.0
Australian Capital Territory,Newspaper and book retailing,2004-08,5561,A3349773T,10.0
Australian Capital Territory,Newspaper and book retailing,2004-09,5562,A3349773T,8.8
Australian Capital Territory,Newspaper and book retailing,2004-10,5563,A3349773T,8.3
Australian Capital Territory,Newspaper and book retailing,2004-11,5564,A3349773T,8.4
Australian Capital Territory,Newspaper and book retailing,2004-12,5565,A3349773T,11.5
Australian Capital Territory,Newspaper and book retailing,2005-01,5566,A3349773T,8.8
Australian Capital Territory,Newspaper and book retailing,2005-02,5567,A3349773T,10.4
Australian Capital Territory,Newspaper and book retailing,2005-03,5568,A3349773T,9.2
Australian Capital Territory,Newspaper and book retailing,2005-04,5569,A3349773T,8.8
Australian Capital Territory,Newspaper and book retailing,2005-05,5570,A3349773T,8.8
Australian Capital Territory,Newspaper and book retailing,2005-06,5571,A3349773T,8.2
Australian Capital Territory,Newspaper and book retailing,2005-07,5572,A3349773T,11.3
Australian Capital Territory,Newspaper and book retailing,2005-08,5573,A3349773T,10.2
Australian Capital Territory,Newspaper and book retailing,2005-09,5574,A3349773T,9.5
Australian Capital Territory,Newspaper and book retailing,2005-10,5575,A3349773T,8.0
Australian Capital Territory,Newspaper and book retailing,2005-11,5576,A3349773T,8.2
Australian Capital Territory,Newspaper and book retailing,2005-12,5577,A3349773T,10.9
Australian Capital Territory,Newspaper and book retailing,2006-01,5578,A3349773T,7.8
Australian Capital Territory,Newspaper and book retailing,2006-02,5579,A3349773T,9.8
Australian Capital Territory,Newspaper and book retailing,2006-03,5580,A3349773T,9.3
Australian Capital Territory,Newspaper and book retailing,2006-04,5581,A3349773T,8.4
Australian Capital Territory,Newspaper and book retailing,2006-05,5582,A3349773T,8.6
Australian Capital Territory,Newspaper and book retailing,2006-06,5583,A3349773T,8.3
Australian Capital Territory,Newspaper and book retailing,2006-07,5584,A3349773T,10.6
Australian Capital Territory,Newspaper and book retailing,2006-08,5585,A3349773T,9.1
Australian Capital Territory,Newspaper and book retailing,2006-09,5586,A3349773T,8.3
Australian Capital Territory,Newspaper and book retailing,2006-10,5587,A3349773T,9.0
Australian Capital Territory,Newspaper and book retailing,2006-11,5588,A3349773T,9.6
Australian Capital Territory,Newspaper and book retailing,2006-12,5589,A3349773T,13.0
Australian Capital Territory,Newspaper and book retailing,2007-01,5590,A3349773T,10.6
Australian Capital Territory,Newspaper and book retailing,2007-02,5591,A3349773T,11.2
Australian Capital Territory,Newspaper and book retailing,2007-03,5592,A3349773T,12.9
Australian Capital Territory,Newspaper and book retailing,2007-04,5593,A3349773T,10.7
Australian Capital Territory,Newspaper and book retailing,2007-05,5594,A3349773T,10.8
Australian Capital Territory,Newspaper and book retailing,2007-06,5595,A3349773T,10.2
Australian Capital Territory,Newspaper and book retailing,2007-07,5596,A3349773T,12.5
Australian Capital Territory,Newspaper and book retailing,2007-08,5597,A3349773T,10.0
Australian Capital Territory,Newspaper and book retailing,2007-09,5598,A3349773T,10.2
Australian Capital Territory,Newspaper and book retailing,2007-10,5599,A3349773T,10.5
Australian Capital Territory,Newspaper and book retailing,2007-11,5600,A3349773T,11.0
Australian Capital Territory,Newspaper and book retailing,2007-12,5601,A3349773T,15.2
Australian Capital Territory,Newspaper and book retailing,2008-01,5602,A3349773T,9.7
Australian Capital Territory,Newspaper and book retailing,2008-02,5603,A3349773T,12.9
Australian Capital Territory,Newspaper and book retailing,2008-03,5604,A3349773T,11.6
Australian Capital Territory,Newspaper and book retailing,2008-04,5605,A3349773T,10.2
Australian Capital Territory,Newspaper and book retailing,2008-05,5606,A3349773T,10.9
Australian Capital Territory,Newspaper and book retailing,2008-06,5607,A3349773T,10.3
Australian Capital Territory,Newspaper and book retailing,2008-07,5608,A3349773T,12.0
Australian Capital Territory,Newspaper and book retailing,2008-08,5609,A3349773T,10.8
Australian Capital Territory,Newspaper and book retailing,2008-09,5610,A3349773T,10.1
Australian Capital Territory,Newspaper and book retailing,2008-10,5611,A3349773T,9.8
Australian Capital Territory,Newspaper and book retailing,2008-11,5612,A3349773T,9.7
Australian Capital Territory,Newspaper and book retailing,2008-12,5613,A3349773T,14.2
Australian Capital Territory,Newspaper and book retailing,2009-01,5614,A3349773T,8.5
Australian Capital Territory,Newspaper and book retailing,2009-02,5615,A3349773T,11.6
Australian Capital Territory,Newspaper and book retailing,2009-03,5616,A3349773T,10.7
Australian Capital Territory,Newspaper and book retailing,2009-04,5617,A3349773T,9.2
Australian Capital Territory,Newspaper and book retailing,2009-05,5618,A3349773T,10.0
Australian Capital Territory,Newspaper and book retailing,2009-06,5619,A3349773T,10.1
Australian Capital Territory,Newspaper and book retailing,2009-07,5620,A3349773T,13.0
Australian Capital Territory,Newspaper and book retailing,2009-08,5621,A3349773T,10.8
Australian Capital Territory,Newspaper and book retailing,2009-09,5622,A3349773T,9.6
Australian Capital Territory,Newspaper and book retailing,2009-10,5623,A3349773T,9.9
Australian Capital Territory,Newspaper and book retailing,2009-11,5624,A3349773T,10.2
Australian Capital Territory,Newspaper and book retailing,2009-12,5625,A3349773T,14.8
Australian Capital Territory,Newspaper and book retailing,2010-01,5626,A3349773T,8.1
Australian Capital Territory,Newspaper and book retailing,2010-02,5627,A3349773T,11.2
Australian Capital Territory,Newspaper and book retailing,2010-03,5628,A3349773T,10.0
Australian Capital Territory,Newspaper and book retailing,2010-04,5629,A3349773T,8.0
Australian Capital Territory,Newspaper and book retailing,2010-05,5630,A3349773T,9.3
Australian Capital Territory,Newspaper and book retailing,2010-06,5631,A3349773T,8.8
Australian Capital Territory,Newspaper and book retailing,2010-07,5632,A3349773T,9.1
Australian Capital Territory,Newspaper and book retailing,2010-08,5633,A3349773T,9.3
Australian Capital Territory,Newspaper and book retailing,2010-09,5634,A3349773T,7.9
Australian Capital Territory,Newspaper and book retailing,2010-10,5635,A3349773T,7.5
Australian Capital Territory,Newspaper and book retailing,2010-11,5636,A3349773T,8.0
Australian Capital Territory,Newspaper and book retailing,2010-12,5637,A3349773T,12.1
Australian Capital Territory,Newspaper and book retailing,2011-01,5638,A3349773T,4.9
Australian Capital Territory,Newspaper and book retailing,2011-02,5639,A3349773T,8.1
Australian Capital Territory,Newspaper and book retailing,2011-03,5640,A3349773T,6.2
Australian Capital Territory,Newspaper and book retailing,2011-04,5641,A3349773T,4.4
Australian Capital Territory,Newspaper and book retailing,2011-05,5642,A3349773T,5.6
Australian Capital Territory,Newspaper and book retailing,2011-06,5643,A3349773T,4.8
Australian Capital Territory,Newspaper and book retailing,2011-07,5644,A3349773T,5.7
Australian Capital Territory,Newspaper and book retailing,2011-08,5645,A3349773T,6.9
Australian Capital Territory,Newspaper and book retailing,2011-09,5646,A3349773T,4.8
Australian Capital Territory,Newspaper and book retailing,2011-10,5647,A3349773T,4.5
Australian Capital Territory,Newspaper and book retailing,2011-11,5648,A3349773T,5.0
Australian Capital Territory,Newspaper and book retailing,2011-12,5649,A3349773T,6.7
Australian Capital Territory,Newspaper and book retailing,2012-01,5650,A3349773T,3.8
Australian Capital Territory,Newspaper and book retailing,2012-02,5651,A3349773T,7.2
Australian Capital Territory,Newspaper and book retailing,2012-03,5652,A3349773T,5.3
Australian Capital Territory,Newspaper and book retailing,2012-04,5653,A3349773T,4.0
Australian Capital Territory,Newspaper and book retailing,2012-05,5654,A3349773T,4.6
Australian Capital Territory,Newspaper and book retailing,2012-06,5655,A3349773T,4.4
Australian Capital Territory,Newspaper and book retailing,2012-07,5656,A3349773T,5.0
Australian Capital Territory,Newspaper and book retailing,2012-08,5657,A3349773T,6.9
Australian Capital Territory,Newspaper and book retailing,2012-09,5658,A3349773T,5.0
Australian Capital Territory,Newspaper and book retailing,2012-10,5659,A3349773T,4.7
Australian Capital Territory,Newspaper and book retailing,2012-11,5660,A3349773T,5.2
Australian Capital Territory,Newspaper and book retailing,2012-12,5661,A3349773T,6.9
Australian Capital Territory,Newspaper and book retailing,2013-01,5662,A3349773T,4.8
Australian Capital Territory,Newspaper and book retailing,2013-02,5663,A3349773T,7.7
Australian Capital Territory,Newspaper and book retailing,2013-03,5664,A3349773T,5.8
Australian Capital Territory,Newspaper and book retailing,2013-04,5665,A3349773T,4.2
Australian Capital Territory,Newspaper and book retailing,2013-05,5666,A3349773T,4.2
Australian Capital Territory,Newspaper and book retailing,2013-06,5667,A3349773T,4.3
Australian Capital Territory,Newspaper and book retailing,2013-07,5668,A3349773T,5.4
Australian Capital Territory,Newspaper and book retailing,2013-08,5669,A3349773T,6.3
Australian Capital Territory,Newspaper and book retailing,2013-09,5670,A3349773T,4.4
Australian Capital Territory,Newspaper and book retailing,2013-10,5671,A3349773T,4.0
Australian Capital Territory,Newspaper and book retailing,2013-11,5672,A3349773T,4.8
Australian Capital Territory,Newspaper and book retailing,2013-12,5673,A3349773T,6.7
Australian Capital Territory,Newspaper and book retailing,2014-01,5674,A3349773T,4.8
Australian Capital Territory,Newspaper and book retailing,2014-02,5675,A3349773T,7.0
Australian Capital Territory,Newspaper and book retailing,2014-03,5676,A3349773T,5.8
Australian Capital Territory,Newspaper and book retailing,2014-04,5677,A3349773T,4.3
Australian Capital Territory,Newspaper and book retailing,2014-05,5678,A3349773T,4.7
Australian Capital Territory,Newspaper and book retailing,2014-06,5679,A3349773T,4.0
Australian Capital Territory,Newspaper and book retailing,2014-07,5680,A3349773T,5.3
Australian Capital Territory,Newspaper and book retailing,2014-08,5681,A3349773T,5.8
Australian Capital Territory,Newspaper and book retailing,2014-09,5682,A3349773T,4.6
Australian Capital Territory,Newspaper and book retailing,2014-10,5683,A3349773T,4.0
Australian Capital Territory,Newspaper and book retailing,2014-11,5684,A3349773T,4.5
Australian Capital Territory,Newspaper and book retailing,2014-12,5685,A3349773T,7.3
Australian Capital Territory,Newspaper and book retailing,2015-01,5686,A3349773T,4.9
Australian Capital Territory,Newspaper and book retailing,2015-02,5687,A3349773T,7.9
Australian Capital Territory,Newspaper and book retailing,2015-03,5688,A3349773T,6.2
Australian Capital Territory,Newspaper and book retailing,2015-04,5689,A3349773T,4.9
Australian Capital Territory,Newspaper and book retailing,2015-05,5690,A3349773T,5.5
Australian Capital Territory,Newspaper and book retailing,2015-06,5691,A3349773T,4.8
Australian Capital Territory,Newspaper and book retailing,2015-07,5692,A3349773T,7.1
Australian Capital Territory,Newspaper and book retailing,2015-08,5693,A3349773T,8.2
Australian Capital Territory,Newspaper and book retailing,2015-09,5694,A3349773T,6.3
Australian Capital Territory,Newspaper and book retailing,2015-10,5695,A3349773T,5.9
Australian Capital Territory,Newspaper and book retailing,2015-11,5696,A3349773T,6.6
Australian Capital Territory,Newspaper and book retailing,2015-12,5697,A3349773T,9.5
Australian Capital Territory,Newspaper and book retailing,2016-01,5698,A3349773T,5.4
Australian Capital Territory,Newspaper and book retailing,2016-02,5699,A3349773T,7.5
Australian Capital Territory,Newspaper and book retailing,2016-03,5700,A3349773T,6.2
Australian Capital Territory,Newspaper and book retailing,2016-04,5701,A3349773T,5.2
Australian Capital Territory,Newspaper and book retailing,2016-05,5702,A3349773T,5.4
Australian Capital Territory,Newspaper and book retailing,2016-06,5703,A3349773T,4.8
Australian Capital Territory,Newspaper and book retailing,2016-07,5704,A3349773T,5.8
Australian Capital Territory,Newspaper and book retailing,2016-08,5705,A3349773T,6.6
Australian Capital Territory,Newspaper and book retailing,2016-09,5706,A3349773T,4.9
Australian Capital Territory,Newspaper and book retailing,2016-10,5707,A3349773T,5.0
Australian Capital Territory,Newspaper and book retailing,2016-11,5708,A3349773T,5.5
Australian Capital Territory,Newspaper and book retailing,2016-12,5709,A3349773T,8.7
Australian Capital Territory,Newspaper and book retailing,2017-01,5710,A3349773T,5.2
Australian Capital Territory,Newspaper and book retailing,2017-02,5711,A3349773T,6.6
Australian Capital Territory,Newspaper and book retailing,2017-03,5712,A3349773T,5.7
Australian Capital Territory,Newspaper and book retailing,2017-04,5713,A3349773T,4.9
Australian Capital Territory,Newspaper and book retailing,2017-05,5714,A3349773T,6.0
Australian Capital Territory,Newspaper and book retailing,2017-06,5715,A3349773T,4.3
Australian Capital Territory,Newspaper and book retailing,2017-07,5716,A3349773T,6.5
Australian Capital Territory,Newspaper and book retailing,2017-08,5717,A3349773T,6.5
Australian Capital Territory,Newspaper and book retailing,2017-09,5718,A3349773T,5.8
Australian Capital Territory,Newspaper and book retailing,2017-10,5719,A3349773T,5.2
Australian Capital Territory,Newspaper and book retailing,2017-11,5720,A3349773T,5.9
Australian Capital Territory,Newspaper and book retailing,2017-12,5721,A3349773T,8.9
Australian Capital Territory,Newspaper and book retailing,2018-01,5722,A3349773T,4.8
Australian Capital Territory,Newspaper and book retailing,2018-02,5723,A3349773T,5.5
Australian Capital Territory,Newspaper and book retailing,2018-03,5724,A3349773T,5.7
Australian Capital Territory,Newspaper and book retailing,2018-04,5725,A3349773T,4.4
Australian Capital Territory,Newspaper and book retailing,2018-05,5726,A3349773T,4.2
Australian Capital Territory,Newspaper and book retailing,2018-06,5727,A3349773T,4.1
Australian Capital Territory,Newspaper and book retailing,2018-07,5728,A3349773T,5.3
Australian Capital Territory,Newspaper and book retailing,2018-08,5729,A3349773T,5.4
Australian Capital Territory,Newspaper and book retailing,2018-09,5730,A3349773T,5.2
Australian Capital Territory,Newspaper and book retailing,2018-10,5731,A3349773T,4.1
Australian Capital Territory,Newspaper and book retailing,2018-11,5732,A3349773T,5.0
Australian Capital Territory,Newspaper and book retailing,2018-12,5733,A3349773T,8.0
New South Wales,Newspaper and book retailing,1982-04,14113,A3349556W,50.4
New South Wales,Newspaper and book retailing,1982-05,14114,A3349556W,49.9
New South Wales,Newspaper and book retailing,1982-06,14115,A3349556W,48.0
New South Wales,Newspaper and book retailing,1982-07,14116,A3349556W,48.6
New South Wales,Newspaper and book retailing,1982-08,14117,A3349556W,51.3
New South Wales,Newspaper and book retailing,1982-09,14118,A3349556W,49.6
New South Wales,Newspaper and book retailing,1982-10,14119,A3349556W,51.6
New South Wales,Newspaper and book retailing,1982-11,14120,A3349556W,55.8
New South Wales,Newspaper and book retailing,1982-12,14121,A3349556W,69.9
New South Wales,Newspaper and book retailing,1983-01,14122,A3349556W,50.1
New South Wales,Newspaper and book retailing,1983-02,14123,A3349556W,64.7
New South Wales,Newspaper and book retailing,1983-03,14124,A3349556W,63.1
New South Wales,Newspaper and book retailing,1983-04,14125,A3349556W,51.1
New South Wales,Newspaper and book retailing,1983-05,14126,A3349556W,54.8
New South Wales,Newspaper and book retailing,1983-06,14127,A3349556W,52.3
New South Wales,Newspaper and book retailing,1983-07,14128,A3349556W,57.7
New South Wales,Newspaper and book retailing,1983-08,14129,A3349556W,61.5
New South Wales,Newspaper and book retailing,1983-09,14130,A3349556W,61.0
New South Wales,Newspaper and book retailing,1983-10,14131,A3349556W,56.9
New South Wales,Newspaper and book retailing,1983-11,14132,A3349556W,59.3
New South Wales,Newspaper and book retailing,1983-12,14133,A3349556W,70.2
New South Wales,Newspaper and book retailing,1984-01,14134,A3349556W,54.1
New South Wales,Newspaper and book retailing,1984-02,14135,A3349556W,72.3
New South Wales,Newspaper and book retailing,1984-03,14136,A3349556W,61.0
New South Wales,Newspaper and book retailing,1984-04,14137,A3349556W,53.0
New South Wales,Newspaper and book retailing,1984-05,14138,A3349556W,59.3
New South Wales,Newspaper and book retailing,1984-06,14139,A3349556W,54.8
New South Wales,Newspaper and book retailing,1984-07,14140,A3349556W,57.3
New South Wales,Newspaper and book retailing,1984-08,14141,A3349556W,58.7
New South Wales,Newspaper and book retailing,1984-09,14142,A3349556W,53.9
New South Wales,Newspaper and book retailing,1984-10,14143,A3349556W,64.2
New South Wales,Newspaper and book retailing,1984-11,14144,A3349556W,68.4
New South Wales,Newspaper and book retailing,1984-12,14145,A3349556W,79.9
New South Wales,Newspaper and book retailing,1985-01,14146,A3349556W,63.2
New South Wales,Newspaper and book retailing,1985-02,14147,A3349556W,66.4
New South Wales,Newspaper and book retailing,1985-03,14148,A3349556W,65.0
New South Wales,Newspaper and book retailing,1985-04,14149,A3349556W,62.8
New South Wales,Newspaper and book retailing,1985-05,14150,A3349556W,66.0
New South Wales,Newspaper and book retailing,1985-06,14151,A3349556W,57.5
New South Wales,Newspaper and book retailing,1985-07,14152,A3349556W,64.6
New South Wales,Newspaper and book retailing,1985-08,14153,A3349556W,67.5
New South Wales,Newspaper and book retailing,1985-09,14154,A3349556W,62.4
New South Wales,Newspaper and book retailing,1985-10,14155,A3349556W,66.2
New South Wales,Newspaper and book retailing,1985-11,14156,A3349556W,70.0
New South Wales,Newspaper and book retailing,1985-12,14157,A3349556W,85.0
New South Wales,Newspaper and book retailing,1986-01,14158,A3349556W,65.4
New South Wales,Newspaper and book retailing,1986-02,14159,A3349556W,70.2
New South Wales,Newspaper and book retailing,1986-03,14160,A3349556W,64.2
New South Wales,Newspaper and book retailing,1986-04,14161,A3349556W,65.5
New South Wales,Newspaper and book retailing,1986-05,14162,A3349556W,68.3
New South Wales,Newspaper and book retailing,1986-06,14163,A3349556W,60.3
New South Wales,Newspaper and book retailing,1986-07,14164,A3349556W,69.6
New South Wales,Newspaper and book retailing,1986-08,14165,A3349556W,69.2
New South Wales,Newspaper and book retailing,1986-09,14166,A3349556W,70.2
New South Wales,Newspaper and book retailing,1986-10,14167,A3349556W,72.3
New South Wales,Newspaper and book retailing,1986-11,14168,A3349556W,73.3
New South Wales,Newspaper and book retailing,1986-12,14169,A3349556W,98.7
New South Wales,Newspaper and book retailing,1987-01,14170,A3349556W,65.0
New South Wales,Newspaper and book retailing,1987-02,14171,A3349556W,78.5
New South Wales,Newspaper and book retailing,1987-03,14172,A3349556W,75.9
New South Wales,Newspaper and book retailing,1987-04,14173,A3349556W,74.2
New South Wales,Newspaper and book retailing,1987-05,14174,A3349556W,76.7
New South Wales,Newspaper and book retailing,1987-06,14175,A3349556W,73.4
New South Wales,Newspaper and book retailing,1987-07,14176,A3349556W,85.1
New South Wales,Newspaper and book retailing,1987-08,14177,A3349556W,82.3
New South Wales,Newspaper and book retailing,1987-09,14178,A3349556W,80.3
New South Wales,Newspaper and book retailing,1987-10,14179,A3349556W,80.0
New South Wales,Newspaper and book retailing,1987-11,14180,A3349556W,78.4
New South Wales,Newspaper and book retailing,1987-12,14181,A3349556W,98.9
New South Wales,Newspaper and book retailing,1988-01,14182,A3349556W,71.8
New South Wales,Newspaper and book retailing,1988-02,14183,A3349556W,88.2
New South Wales,Newspaper and book retailing,1988-03,14184,A3349556W,89.0
New South Wales,Newspaper and book retailing,1988-04,14185,A3349556W,73.0
New South Wales,Newspaper and book retailing,1988-05,14186,A3349556W,80.3
New South Wales,Newspaper and book retailing,1988-06,14187,A3349556W,75.3
New South Wales,Newspaper and book retailing,1988-07,14188,A3349556W,74.2
New South Wales,Newspaper and book retailing,1988-08,14189,A3349556W,76.7
New South Wales,Newspaper and book retailing,1988-09,14190,A3349556W,75.7
New South Wales,Newspaper and book retailing,1988-10,14191,A3349556W,80.5
New South Wales,Newspaper and book retailing,1988-11,14192,A3349556W,90.4
New South Wales,Newspaper and book retailing,1988-12,14193,A3349556W,100.1
New South Wales,Newspaper and book retailing,1989-01,14194,A3349556W,80.5
New South Wales,Newspaper and book retailing,1989-02,14195,A3349556W,93.3
New South Wales,Newspaper and book retailing,1989-03,14196,A3349556W,90.6
New South Wales,Newspaper and book retailing,1989-04,14197,A3349556W,86.2
New South Wales,Newspaper and book retailing,1989-05,14198,A3349556W,92.2
New South Wales,Newspaper and book retailing,1989-06,14199,A3349556W,87.5
New South Wales,Newspaper and book retailing,1989-07,14200,A3349556W,90.1
New South Wales,Newspaper and book retailing,1989-08,14201,A3349556W,91.9
New South Wales,Newspaper and book retailing,1989-09,14202,A3349556W,90.4
New South Wales,Newspaper and book retailing,1989-10,14203,A3349556W,90.3
New South Wales,Newspaper and book retailing,1989-11,14204,A3349556W,90.1
New South Wales,Newspaper and book retailing,1989-12,14205,A3349556W,95.2
New South Wales,Newspaper and book retailing,1990-01,14206,A3349556W,80.4
New South Wales,Newspaper and book retailing,1990-02,14207,A3349556W,93.3
New South Wales,Newspaper and book retailing,1990-03,14208,A3349556W,99.5
New South Wales,Newspaper and book retailing,1990-04,14209,A3349556W,84.2
New South Wales,Newspaper and book retailing,1990-05,14210,A3349556W,93.7
New South Wales,Newspaper and book retailing,1990-06,14211,A3349556W,83.9
New South Wales,Newspaper and book retailing,1990-07,14212,A3349556W,92.8
New South Wales,Newspaper and book retailing,1990-08,14213,A3349556W,103.3
New South Wales,Newspaper and book retailing,1990-09,14214,A3349556W,86.6
New South Wales,Newspaper and book retailing,1990-10,14215,A3349556W,86.8
New South Wales,Newspaper and book retailing,1990-11,14216,A3349556W,87.9
New South Wales,Newspaper and book retailing,1990-12,14217,A3349556W,93.5
New South Wales,Newspaper and book retailing,1991-01,14218,A3349556W,74.8
New South Wales,Newspaper and book retailing,1991-02,14219,A3349556W,89.6
New South Wales,Newspaper and book retailing,1991-03,14220,A3349556W,95.1
New South Wales,Newspaper and book retailing,1991-04,14221,A3349556W,81.7
New South Wales,Newspaper and book retailing,1991-05,14222,A3349556W,91.6
New South Wales,Newspaper and book retailing,1991-06,14223,A3349556W,92.6
New South Wales,Newspaper and book retailing,1991-07,14224,A3349556W,103.6
New South Wales,Newspaper and book retailing,1991-08,14225,A3349556W,98.9
New South Wales,Newspaper and book retailing,1991-09,14226,A3349556W,98.7
New South Wales,Newspaper and book retailing,1991-10,14227,A3349556W,91.3
New South Wales,Newspaper and book retailing,1991-11,14228,A3349556W,103.1
New South Wales,Newspaper and book retailing,1991-12,14229,A3349556W,112.0
New South Wales,Newspaper and book retailing,1992-01,14230,A3349556W,90.2
New South Wales,Newspaper and book retailing,1992-02,14231,A3349556W,96.3
New South Wales,Newspaper and book retailing,1992-03,14232,A3349556W,103.4
New South Wales,Newspaper and book retailing,1992-04,14233,A3349556W,98.7
New South Wales,Newspaper and book retailing,1992-05,14234,A3349556W,95.8
New South Wales,Newspaper and book retailing,1992-06,14235,A3349556W,89.3
New South Wales,Newspaper and book retailing,1992-07,14236,A3349556W,101.4
New South Wales,Newspaper and book retailing,1992-08,14237,A3349556W,100.3
New South Wales,Newspaper and book retailing,1992-09,14238,A3349556W,90.2
New South Wales,Newspaper and book retailing,1992-10,14239,A3349556W,88.8
New South Wales,Newspaper and book retailing,1992-11,14240,A3349556W,91.8
New South Wales,Newspaper and book retailing,1992-12,14241,A3349556W,114.8
New South Wales,Newspaper and book retailing,1993-01,14242,A3349556W,89.6
New South Wales,Newspaper and book retailing,1993-02,14243,A3349556W,92.5
New South Wales,Newspaper and book retailing,1993-03,14244,A3349556W,114.3
New South Wales,Newspaper and book retailing,1993-04,14245,A3349556W,97.9
New South Wales,Newspaper and book retailing,1993-05,14246,A3349556W,105.7
New South Wales,Newspaper and book retailing,1993-06,14247,A3349556W,86.0
New South Wales,Newspaper and book retailing,1993-07,14248,A3349556W,83.5
New South Wales,Newspaper and book retailing,1993-08,14249,A3349556W,76.9
New South Wales,Newspaper and book retailing,1993-09,14250,A3349556W,85.2
New South Wales,Newspaper and book retailing,1993-10,14251,A3349556W,85.1
New South Wales,Newspaper and book retailing,1993-11,14252,A3349556W,91.8
New South Wales,Newspaper and book retailing,1993-12,14253,A3349556W,92.5
New South Wales,Newspaper and book retailing,1994-01,14254,A3349556W,75.5
New South Wales,Newspaper and book retailing,1994-02,14255,A3349556W,83.8
New South Wales,Newspaper and book retailing,1994-03,14256,A3349556W,112.9
New South Wales,Newspaper and book retailing,1994-04,14257,A3349556W,90.7
New South Wales,Newspaper and book retailing,1994-05,14258,A3349556W,101.0
New South Wales,Newspaper and book retailing,1994-06,14259,A3349556W,102.5
New South Wales,Newspaper and book retailing,1994-07,14260,A3349556W,102.5
New South Wales,Newspaper and book retailing,1994-08,14261,A3349556W,92.8
New South Wales,Newspaper and book retailing,1994-09,14262,A3349556W,93.4
New South Wales,Newspaper and book retailing,1994-10,14263,A3349556W,88.7
New South Wales,Newspaper and book retailing,1994-11,14264,A3349556W,96.8
New South Wales,Newspaper and book retailing,1994-12,14265,A3349556W,101.7
New South Wales,Newspaper and book retailing,1995-01,14266,A3349556W,77.3
New South Wales,Newspaper and book retailing,1995-02,14267,A3349556W,77.1
New South Wales,Newspaper and book retailing,1995-03,14268,A3349556W,87.7
New South Wales,Newspaper and book retailing,1995-04,14269,A3349556W,69.9
New South Wales,Newspaper and book retailing,1995-05,14270,A3349556W,83.2
New South Wales,Newspaper and book retailing,1995-06,14271,A3349556W,75.5
New South Wales,Newspaper and book retailing,1995-07,14272,A3349556W,82.8
New South Wales,Newspaper and book retailing,1995-08,14273,A3349556W,88.1
New South Wales,Newspaper and book retailing,1995-09,14274,A3349556W,83.9
New South Wales,Newspaper and book retailing,1995-10,14275,A3349556W,88.6
New South Wales,Newspaper and book retailing,1995-11,14276,A3349556W,96.0
New South Wales,Newspaper and book retailing,1995-12,14277,A3349556W,106.2
New South Wales,Newspaper and book retailing,1996-01,14278,A3349556W,89.5
New South Wales,Newspaper and book retailing,1996-02,14279,A3349556W,90.2
New South Wales,Newspaper and book retailing,1996-03,14280,A3349556W,94.9
New South Wales,Newspaper and book retailing,1996-04,14281,A3349556W,85.7
New South Wales,Newspaper and book retailing,1996-05,14282,A3349556W,89.7
New South Wales,Newspaper and book retailing,1996-06,14283,A3349556W,86.8
New South Wales,Newspaper and book retailing,1996-07,14284,A3349556W,87.9
New South Wales,Newspaper and book retailing,1996-08,14285,A3349556W,96.7
New South Wales,Newspaper and book retailing,1996-09,14286,A3349556W,93.6
New South Wales,Newspaper and book retailing,1996-10,14287,A3349556W,92.3
New South Wales,Newspaper and book retailing,1996-11,14288,A3349556W,99.1
New South Wales,Newspaper and book retailing,1996-12,14289,A3349556W,118.9
New South Wales,Newspaper and book retailing,1997-01,14290,A3349556W,91.0
New South Wales,Newspaper and book retailing,1997-02,14291,A3349556W,93.2
New South Wales,Newspaper and book retailing,1997-03,14292,A3349556W,98.6
New South Wales,Newspaper and book retailing,1997-04,14293,A3349556W,92.8
New South Wales,Newspaper and book retailing,1997-05,14294,A3349556W,97.7
New South Wales,Newspaper and book retailing,1997-06,14295,A3349556W,90.1
New South Wales,Newspaper and book retailing,1997-07,14296,A3349556W,89.0
New South Wales,Newspaper and book retailing,1997-08,14297,A3349556W,91.1
New South Wales,Newspaper and book retailing,1997-09,14298,A3349556W,93.9
New South Wales,Newspaper and book retailing,1997-10,14299,A3349556W,91.4
New South Wales,Newspaper and book retailing,1997-11,14300,A3349556W,94.4
New South Wales,Newspaper and book retailing,1997-12,14301,A3349556W,118.3
New South Wales,Newspaper and book retailing,1998-01,14302,A3349556W,89.1
New South Wales,Newspaper and book retailing,1998-02,14303,A3349556W,89.3
New South Wales,Newspaper and book retailing,1998-03,14304,A3349556W,97.1
New South Wales,Newspaper and book retailing,1998-04,14305,A3349556W,86.4
New South Wales,Newspaper and book retailing,1998-05,14306,A3349556W,90.8
New South Wales,Newspaper and book retailing,1998-06,14307,A3349556W,89.4
New South Wales,Newspaper and book retailing,1998-07,14308,A3349556W,85.9
New South Wales,Newspaper and book retailing,1998-08,14309,A3349556W,83.3
New South Wales,Newspaper and book retailing,1998-09,14310,A3349556W,87.9
New South Wales,Newspaper and book retailing,1998-10,14311,A3349556W,80.3
New South Wales,Newspaper and book retailing,1998-11,14312,A3349556W,85.7
New South Wales,Newspaper and book retailing,1998-12,14313,A3349556W,102.0
New South Wales,Newspaper and book retailing,1999-01,14314,A3349556W,80.0
New South Wales,Newspaper and book retailing,1999-02,14315,A3349556W,83.0
New South Wales,Newspaper and book retailing,1999-03,14316,A3349556W,96.3
New South Wales,Newspaper and book retailing,1999-04,14317,A3349556W,83.9
New South Wales,Newspaper and book retailing,1999-05,14318,A3349556W,84.1
New South Wales,Newspaper and book retailing,1999-06,14319,A3349556W,84.0
New South Wales,Newspaper and book retailing,1999-07,14320,A3349556W,91.8
New South Wales,Newspaper and book retailing,1999-08,14321,A3349556W,89.4
New South Wales,Newspaper and book retailing,1999-09,14322,A3349556W,89.3
New South Wales,Newspaper and book retailing,1999-10,14323,A3349556W,82.2
New South Wales,Newspaper and book retailing,1999-11,14324,A3349556W,87.3
New South Wales,Newspaper and book retailing,1999-12,14325,A3349556W,108.2
New South Wales,Newspaper and book retailing,2000-01,14326,A3349556W,79.8
New South Wales,Newspaper and book retailing,2000-02,14327,A3349556W,84.8
New South Wales,Newspaper and book retailing,2000-03,14328,A3349556W,90.8
New South Wales,Newspaper and book retailing,2000-04,14329,A3349556W,81.2
New South Wales,Newspaper and book retailing,2000-05,14330,A3349556W,96.3
New South Wales,Newspaper and book retailing,2000-06,14331,A3349556W,84.2
New South Wales,Newspaper and book retailing,2000-07,14332,A3349556W,105.6
New South Wales,Newspaper and book retailing,2000-08,14333,A3349556W,99.2
New South Wales,Newspaper and book retailing,2000-09,14334,A3349556W,91.6
New South Wales,Newspaper and book retailing,2000-10,14335,A3349556W,93.4
New South Wales,Newspaper and book retailing,2000-11,14336,A3349556W,100.5
New South Wales,Newspaper and book retailing,2000-12,14337,A3349556W,111.8
New South Wales,Newspaper and book retailing,2001-01,14338,A3349556W,96.7
New South Wales,Newspaper and book retailing,2001-02,14339,A3349556W,102.3
New South Wales,Newspaper and book retailing,2001-03,14340,A3349556W,110.4
New South Wales,Newspaper and book retailing,2001-04,14341,A3349556W,88.3
New South Wales,Newspaper and book retailing,2001-05,14342,A3349556W,91.9
New South Wales,Newspaper and book retailing,2001-06,14343,A3349556W,92.2
New South Wales,Newspaper and book retailing,2001-07,14344,A3349556W,97.0
New South Wales,Newspaper and book retailing,2001-08,14345,A3349556W,101.2
New South Wales,Newspaper and book retailing,2001-09,14346,A3349556W,88.4
New South Wales,Newspaper and book retailing,2001-10,14347,A3349556W,94.7
New South Wales,Newspaper and book retailing,2001-11,14348,A3349556W,99.4
New South Wales,Newspaper and book retailing,2001-12,14349,A3349556W,116.8
New South Wales,Newspaper and book retailing,2002-01,14350,A3349556W,94.9
New South Wales,Newspaper and book retailing,2002-02,14351,A3349556W,95.0
New South Wales,Newspaper and book retailing,2002-03,14352,A3349556W,106.7
New South Wales,Newspaper and book retailing,2002-04,14353,A3349556W,102.8
New South Wales,Newspaper and book retailing,2002-05,14354,A3349556W,105.0
New South Wales,Newspaper and book retailing,2002-06,14355,A3349556W,96.9
New South Wales,Newspaper and book retailing,2002-07,14356,A3349556W,99.7
New South Wales,Newspaper and book retailing,2002-08,14357,A3349556W,111.7
New South Wales,Newspaper and book retailing,2002-09,14358,A3349556W,95.4
New South Wales,Newspaper and book retailing,2002-10,14359,A3349556W,85.5
New South Wales,Newspaper and book retailing,2002-11,14360,A3349556W,90.2
New South Wales,Newspaper and book retailing,2002-12,14361,A3349556W,110.2
New South Wales,Newspaper and book retailing,2003-01,14362,A3349556W,88.6
New South Wales,Newspaper and book retailing,2003-02,14363,A3349556W,86.8
New South Wales,Newspaper and book retailing,2003-03,14364,A3349556W,96.6
New South Wales,Newspaper and book retailing,2003-04,14365,A3349556W,86.4
New South Wales,Newspaper and book retailing,2003-05,14366,A3349556W,90.8
New South Wales,Newspaper and book retailing,2003-06,14367,A3349556W,87.2
New South Wales,Newspaper and book retailing,2003-07,14368,A3349556W,105.4
New South Wales,Newspaper and book retailing,2003-08,14369,A3349556W,110.4
New South Wales,Newspaper and book retailing,2003-09,14370,A3349556W,108.9
New South Wales,Newspaper and book retailing,2003-10,14371,A3349556W,101.7
New South Wales,Newspaper and book retailing,2003-11,14372,A3349556W,109.5
New South Wales,Newspaper and book retailing,2003-12,14373,A3349556W,136.1
New South Wales,Newspaper and book retailing,2004-01,14374,A3349556W,92.3
New South Wales,Newspaper and book retailing,2004-02,14375,A3349556W,91.9
New South Wales,Newspaper and book retailing,2004-03,14376,A3349556W,109.2
New South Wales,Newspaper and book retailing,2004-04,14377,A3349556W,93.8
New South Wales,Newspaper and book retailing,2004-05,14378,A3349556W,100.6
New South Wales,Newspaper and book retailing,2004-06,14379,A3349556W,95.4
New South Wales,Newspaper and book retailing,2004-07,14380,A3349556W,103.1
New South Wales,Newspaper and book retailing,2004-08,14381,A3349556W,101.0
New South Wales,Newspaper and book retailing,2004-09,14382,A3349556W,99.3
New South Wales,Newspaper and book retailing,2004-10,14383,A3349556W,97.0
New South Wales,Newspaper and book retailing,2004-11,14384,A3349556W,102.6
New South Wales,Newspaper and book retailing,2004-12,14385,A3349556W,142.2
New South Wales,Newspaper and book retailing,2005-01,14386,A3349556W,103.2
New South Wales,Newspaper and book retailing,2005-02,14387,A3349556W,99.6
New South Wales,Newspaper and book retailing,2005-03,14388,A3349556W,101.7
New South Wales,Newspaper and book retailing,2005-04,14389,A3349556W,94.6
New South Wales,Newspaper and book retailing,2005-05,14390,A3349556W,96.4
New South Wales,Newspaper and book retailing,2005-06,14391,A3349556W,93.1
New South Wales,Newspaper and book retailing,2005-07,14392,A3349556W,99.0
New South Wales,Newspaper and book retailing,2005-08,14393,A3349556W,96.1
New South Wales,Newspaper and book retailing,2005-09,14394,A3349556W,94.0
New South Wales,Newspaper and book retailing,2005-10,14395,A3349556W,91.9
New South Wales,Newspaper and book retailing,2005-11,14396,A3349556W,96.0
New South Wales,Newspaper and book retailing,2005-12,14397,A3349556W,127.3
New South Wales,Newspaper and book retailing,2006-01,14398,A3349556W,86.7
New South Wales,Newspaper and book retailing,2006-02,14399,A3349556W,85.8
New South Wales,Newspaper and book retailing,2006-03,14400,A3349556W,93.9
New South Wales,Newspaper and book retailing,2006-04,14401,A3349556W,81.1
New South Wales,Newspaper and book retailing,2006-05,14402,A3349556W,94.5
New South Wales,Newspaper and book retailing,2006-06,14403,A3349556W,93.8
New South Wales,Newspaper and book retailing,2006-07,14404,A3349556W,95.3
New South Wales,Newspaper and book retailing,2006-08,14405,A3349556W,99.2
New South Wales,Newspaper and book retailing,2006-09,14406,A3349556W,92.1
New South Wales,Newspaper and book retailing,2006-10,14407,A3349556W,91.5
New South Wales,Newspaper and book retailing,2006-11,14408,A3349556W,97.5
New South Wales,Newspaper and book retailing,2006-12,14409,A3349556W,119.4
New South Wales,Newspaper and book retailing,2007-01,14410,A3349556W,87.1
New South Wales,Newspaper and book retailing,2007-02,14411,A3349556W,79.7
New South Wales,Newspaper and book retailing,2007-03,14412,A3349556W,95.4
New South Wales,Newspaper and book retailing,2007-04,14413,A3349556W,79.4
New South Wales,Newspaper and book retailing,2007-05,14414,A3349556W,80.7
New South Wales,Newspaper and book retailing,2007-06,14415,A3349556W,78.3
New South Wales,Newspaper and book retailing,2007-07,14416,A3349556W,89.7
New South Wales,Newspaper and book retailing,2007-08,14417,A3349556W,91.8
New South Wales,Newspaper and book retailing,2007-09,14418,A3349556W,84.6
New South Wales,Newspaper and book retailing,2007-10,14419,A3349556W,93.9
New South Wales,Newspaper and book retailing,2007-11,14420,A3349556W,95.5
New South Wales,Newspaper and book retailing,2007-12,14421,A3349556W,124.1
New South Wales,Newspaper and book retailing,2008-01,14422,A3349556W,97.2
New South Wales,Newspaper and book retailing,2008-02,14423,A3349556W,102.1
New South Wales,Newspaper and book retailing,2008-03,14424,A3349556W,103.2
New South Wales,Newspaper and book retailing,2008-04,14425,A3349556W,96.5
New South Wales,Newspaper and book retailing,2008-05,14426,A3349556W,100.7
New South Wales,Newspaper and book retailing,2008-06,14427,A3349556W,90.4
New South Wales,Newspaper and book retailing,2008-07,14428,A3349556W,103.5
New South Wales,Newspaper and book retailing,2008-08,14429,A3349556W,102.9
New South Wales,Newspaper and book retailing,2008-09,14430,A3349556W,98.2
New South Wales,Newspaper and book retailing,2008-10,14431,A3349556W,96.6
New South Wales,Newspaper and book retailing,2008-11,14432,A3349556W,96.1
New South Wales,Newspaper and book retailing,2008-12,14433,A3349556W,126.6
New South Wales,Newspaper and book retailing,2009-01,14434,A3349556W,96.3
New South Wales,Newspaper and book retailing,2009-02,14435,A3349556W,99.5
New South Wales,Newspaper and book retailing,2009-03,14436,A3349556W,106.6
New South Wales,Newspaper and book retailing,2009-04,14437,A3349556W,85.2
New South Wales,Newspaper and book retailing,2009-05,14438,A3349556W,89.7
New South Wales,Newspaper and book retailing,2009-06,14439,A3349556W,88.1
New South Wales,Newspaper and book retailing,2009-07,14440,A3349556W,90.2
New South Wales,Newspaper and book retailing,2009-08,14441,A3349556W,93.9
New South Wales,Newspaper and book retailing,2009-09,14442,A3349556W,85.8
New South Wales,Newspaper and book retailing,2009-10,14443,A3349556W,87.2
New South Wales,Newspaper and book retailing,2009-11,14444,A3349556W,86.2
New South Wales,Newspaper and book retailing,2009-12,14445,A3349556W,124.5
New South Wales,Newspaper and book retailing,2010-01,14446,A3349556W,87.4
New South Wales,Newspaper and book retailing,2010-02,14447,A3349556W,103.1
New South Wales,Newspaper and book retailing,2010-03,14448,A3349556W,113.6
New South Wales,Newspaper and book retailing,2010-04,14449,A3349556W,100.3
New South Wales,Newspaper and book retailing,2010-05,14450,A3349556W,105.4
New South Wales,Newspaper and book retailing,2010-06,14451,A3349556W,111.9
New South Wales,Newspaper and book retailing,2010-07,14452,A3349556W,125.1
New South Wales,Newspaper and book retailing,2010-08,14453,A3349556W,131.3
New South Wales,Newspaper and book retailing,2010-09,14454,A3349556W,122.7
New South Wales,Newspaper and book retailing,2010-10,14455,A3349556W,136.0
New South Wales,Newspaper and book retailing,2010-11,14456,A3349556W,136.1
New South Wales,Newspaper and book retailing,2010-12,14457,A3349556W,188.8
New South Wales,Newspaper and book retailing,2011-01,14458,A3349556W,145.5
New South Wales,Newspaper and book retailing,2011-02,14459,A3349556W,142.7
New South Wales,Newspaper and book retailing,2011-03,14460,A3349556W,162.0
New South Wales,Newspaper and book retailing,2011-04,14461,A3349556W,126.2
New South Wales,Newspaper and book retailing,2011-05,14462,A3349556W,128.1
New South Wales,Newspaper and book retailing,2011-06,14463,A3349556W,130.3
New South Wales,Newspaper and book retailing,2011-07,14464,A3349556W,141.3
New South Wales,Newspaper and book retailing,2011-08,14465,A3349556W,145.9
New South Wales,Newspaper and book retailing,2011-09,14466,A3349556W,135.2
New South Wales,Newspaper and book retailing,2011-10,14467,A3349556W,128.8
New South Wales,Newspaper and book retailing,2011-11,14468,A3349556W,125.5
New South Wales,Newspaper and book retailing,2011-12,14469,A3349556W,164.1
New South Wales,Newspaper and book retailing,2012-01,14470,A3349556W,114.3
New South Wales,Newspaper and book retailing,2012-02,14471,A3349556W,132.3
New South Wales,Newspaper and book retailing,2012-03,14472,A3349556W,142.5
New South Wales,Newspaper and book retailing,2012-04,14473,A3349556W,109.5
New South Wales,Newspaper and book retailing,2012-05,14474,A3349556W,119.0
New South Wales,Newspaper and book retailing,2012-06,14475,A3349556W,110.7
New South Wales,Newspaper and book retailing,2012-07,14476,A3349556W,116.8
New South Wales,Newspaper and book retailing,2012-08,14477,A3349556W,118.8
New South Wales,Newspaper and book retailing,2012-09,14478,A3349556W,110.8
New South Wales,Newspaper and book retailing,2012-10,14479,A3349556W,111.7
New South Wales,Newspaper and book retailing,2012-11,14480,A3349556W,114.1
New South Wales,Newspaper and book retailing,2012-12,14481,A3349556W,130.7
New South Wales,Newspaper and book retailing,2013-01,14482,A3349556W,108.2
New South Wales,Newspaper and book retailing,2013-02,14483,A3349556W,117.7
New South Wales,Newspaper and book retailing,2013-03,14484,A3349556W,113.9
New South Wales,Newspaper and book retailing,2013-04,14485,A3349556W,96.7
New South Wales,Newspaper and book retailing,2013-05,14486,A3349556W,93.0
New South Wales,Newspaper and book retailing,2013-06,14487,A3349556W,77.1
New South Wales,Newspaper and book retailing,2013-07,14488,A3349556W,83.7
New South Wales,Newspaper and book retailing,2013-08,14489,A3349556W,92.4
New South Wales,Newspaper and book retailing,2013-09,14490,A3349556W,87.7
New South Wales,Newspaper and book retailing,2013-10,14491,A3349556W,92.5
New South Wales,Newspaper and book retailing,2013-11,14492,A3349556W,105.0
New South Wales,Newspaper and book retailing,2013-12,14493,A3349556W,131.8
New South Wales,Newspaper and book retailing,2014-01,14494,A3349556W,100.3
New South Wales,Newspaper and book retailing,2014-02,14495,A3349556W,109.7
New South Wales,Newspaper and book retailing,2014-03,14496,A3349556W,118.8
New South Wales,Newspaper and book retailing,2014-04,14497,A3349556W,97.2
New South Wales,Newspaper and book retailing,2014-05,14498,A3349556W,98.0
New South Wales,Newspaper and book retailing,2014-06,14499,A3349556W,90.0
New South Wales,Newspaper and book retailing,2014-07,14500,A3349556W,100.7
New South Wales,Newspaper and book retailing,2014-08,14501,A3349556W,110.8
New South Wales,Newspaper and book retailing,2014-09,14502,A3349556W,98.4
New South Wales,Newspaper and book retailing,2014-10,14503,A3349556W,98.3
New South Wales,Newspaper and book retailing,2014-11,14504,A3349556W,105.3
New South Wales,Newspaper and book retailing,2014-12,14505,A3349556W,125.8
New South Wales,Newspaper and book retailing,2015-01,14506,A3349556W,95.9
New South Wales,Newspaper and book retailing,2015-02,14507,A3349556W,106.0
New South Wales,Newspaper and book retailing,2015-03,14508,A3349556W,111.6
New South Wales,Newspaper and book retailing,2015-04,14509,A3349556W,99.0
New South Wales,Newspaper and book retailing,2015-05,14510,A3349556W,100.8
New South Wales,Newspaper and book retailing,2015-06,14511,A3349556W,86.0
New South Wales,Newspaper and book retailing,2015-07,14512,A3349556W,91.5
New South Wales,Newspaper and book retailing,2015-08,14513,A3349556W,96.0
New South Wales,Newspaper and book retailing,2015-09,14514,A3349556W,89.1
New South Wales,Newspaper and book retailing,2015-10,14515,A3349556W,94.8
New South Wales,Newspaper and book retailing,2015-11,14516,A3349556W,97.2
New South Wales,Newspaper and book retailing,2015-12,14517,A3349556W,118.1
New South Wales,Newspaper and book retailing,2016-01,14518,A3349556W,86.1
New South Wales,Newspaper and book retailing,2016-02,14519,A3349556W,92.4
New South Wales,Newspaper and book retailing,2016-03,14520,A3349556W,96.5
New South Wales,Newspaper and book retailing,2016-04,14521,A3349556W,83.1
New South Wales,Newspaper and book retailing,2016-05,14522,A3349556W,85.0
New South Wales,Newspaper and book retailing,2016-06,14523,A3349556W,74.4
New South Wales,Newspaper and book retailing,2016-07,14524,A3349556W,84.6
New South Wales,Newspaper and book retailing,2016-08,14525,A3349556W,89.5
New South Wales,Newspaper and book retailing,2016-09,14526,A3349556W,83.0
New South Wales,Newspaper and book retailing,2016-10,14527,A3349556W,84.5
New South Wales,Newspaper and book retailing,2016-11,14528,A3349556W,94.8
New South Wales,Newspaper and book retailing,2016-12,14529,A3349556W,128.2
New South Wales,Newspaper and book retailing,2017-01,14530,A3349556W,88.0
New South Wales,Newspaper and book retailing,2017-02,14531,A3349556W,90.2
New South Wales,Newspaper and book retailing,2017-03,14532,A3349556W,95.2
New South Wales,Newspaper and book retailing,2017-04,14533,A3349556W,80.9
New South Wales,Newspaper and book retailing,2017-05,14534,A3349556W,89.1
New South Wales,Newspaper and book retailing,2017-06,14535,A3349556W,79.3
New South Wales,Newspaper and book retailing,2017-07,14536,A3349556W,87.8
New South Wales,Newspaper and book retailing,2017-08,14537,A3349556W,92.1
New South Wales,Newspaper and book retailing,2017-09,14538,A3349556W,85.3
New South Wales,Newspaper and book retailing,2017-10,14539,A3349556W,84.0
New South Wales,Newspaper and book retailing,2017-11,14540,A3349556W,94.7
New South Wales,Newspaper and book retailing,2017-12,14541,A3349556W,116.3
New South Wales,Newspaper and book retailing,2018-01,14542,A3349556W,83.4
New South Wales,Newspaper and book retailing,2018-02,14543,A3349556W,81.5
New South Wales,Newspaper and book retailing,2018-03,14544,A3349556W,86.6
New South Wales,Newspaper and book retailing,2018-04,14545,A3349556W,77.7
New South Wales,Newspaper and book retailing,2018-05,14546,A3349556W,81.4
New South Wales,Newspaper and book retailing,2018-06,14547,A3349556W,77.6
New South Wales,Newspaper and book retailing,2018-07,14548,A3349556W,78.5
New South Wales,Newspaper and book retailing,2018-08,14549,A3349556W,92.6
New South Wales,Newspaper and book retailing,2018-09,14550,A3349556W,80.7
New South Wales,Newspaper and book retailing,2018-10,14551,A3349556W,74.2
New South Wales,Newspaper and book retailing,2018-11,14552,A3349556W,82.5
New South Wales,Newspaper and book retailing,2018-12,14553,A3349556W,108.9
Northern Territory,Newspaper and book retailing,1988-04,21331,A3349924R,1.8
Northern Territory,Newspaper and book retailing,1988-05,21332,A3349924R,2.0
Northern Territory,Newspaper and book retailing,1988-06,21333,A3349924R,2.4
Northern Territory,Newspaper and book retailing,1988-07,21334,A3349924R,2.4
Northern Territory,Newspaper and book retailing,1988-08,21335,A3349924R,2.6
Northern Territory,Newspaper and book retailing,1988-09,21336,A3349924R,2.4
Northern Territory,Newspaper and book retailing,1988-10,21337,A3349924R,2.4
Northern Territory,Newspaper and book retailing,1988-11,21338,A3349924R,2.4
Northern Territory,Newspaper and book retailing,1988-12,21339,A3349924R,2.5
Northern Territory,Newspaper and book retailing,1989-01,21340,A3349924R,1.8
Northern Territory,Newspaper and book retailing,1989-02,21341,A3349924R,1.9
Northern Territory,Newspaper and book retailing,1989-03,21342,A3349924R,1.9
Northern Territory,Newspaper and book retailing,1989-04,21343,A3349924R,2.0
Northern Territory,Newspaper and book retailing,1989-05,21344,A3349924R,2.2
Northern Territory,Newspaper and book retailing,1989-06,21345,A3349924R,2.2
Northern Territory,Newspaper and book retailing,1989-07,21346,A3349924R,2.7
Northern Territory,Newspaper and book retailing,1989-08,21347,A3349924R,3.0
Northern Territory,Newspaper and book retailing,1989-09,21348,A3349924R,2.4
Northern Territory,Newspaper and book retailing,1989-10,21349,A3349924R,2.1
Northern Territory,Newspaper and book retailing,1989-11,21350,A3349924R,2.1
Northern Territory,Newspaper and book retailing,1989-12,21351,A3349924R,2.8
Northern Territory,Newspaper and book retailing,1990-01,21352,A3349924R,2.1
Northern Territory,Newspaper and book retailing,1990-02,21353,A3349924R,2.1
Northern Territory,Newspaper and book retailing,1990-03,21354,A3349924R,2.2
Northern Territory,Newspaper and book retailing,1990-04,21355,A3349924R,2.2
Northern Territory,Newspaper and book retailing,1990-05,21356,A3349924R,2.5
Northern Territory,Newspaper and book retailing,1990-06,21357,A3349924R,2.4
Northern Territory,Newspaper and book retailing,1990-07,21358,A3349924R,2.5
Northern Territory,Newspaper and book retailing,1990-08,21359,A3349924R,2.6
Northern Territory,Newspaper and book retailing,1990-09,21360,A3349924R,2.3
Northern Territory,Newspaper and book retailing,1990-10,21361,A3349924R,2.4
Northern Territory,Newspaper and book retailing,1990-11,21362,A3349924R,2.1
Northern Territory,Newspaper and book retailing,1990-12,21363,A3349924R,2.1
Northern Territory,Newspaper and book retailing,1991-01,21364,A3349924R,1.8
Northern Territory,Newspaper and book retailing,1991-02,21365,A3349924R,1.7
Northern Territory,Newspaper and book retailing,1991-03,21366,A3349924R,1.8
Northern Territory,Newspaper and book retailing,1991-04,21367,A3349924R,1.8
Northern Territory,Newspaper and book retailing,1991-05,21368,A3349924R,2.2
Northern Territory,Newspaper and book retailing,1991-06,21369,A3349924R,2.4
Northern Territory,Newspaper and book retailing,1991-07,21370,A3349924R,2.3
Northern Territory,Newspaper and book retailing,1991-08,21371,A3349924R,2.4
Northern Territory,Newspaper and book retailing,1991-09,21372,A3349924R,2.4
Northern Territory,Newspaper and book retailing,1991-10,21373,A3349924R,2.6
Northern Territory,Newspaper and book retailing,1991-11,21374,A3349924R,2.4
Northern Territory,Newspaper and book retailing,1991-12,21375,A3349924R,2.9
Northern Territory,Newspaper and book retailing,1992-01,21376,A3349924R,2.2
Northern Territory,Newspaper and book retailing,1992-02,21377,A3349924R,2.5
Northern Territory,Newspaper and book retailing,1992-03,21378,A3349924R,3.1
Northern Territory,Newspaper and book retailing,1992-04,21379,A3349924R,2.9
Northern Territory,Newspaper and book retailing,1992-05,21380,A3349924R,3.4
Northern Territory,Newspaper and book retailing,1992-06,21381,A3349924R,3.1
Northern Territory,Newspaper and book retailing,1992-07,21382,A3349924R,3.3
Northern Territory,Newspaper and book retailing,1992-08,21383,A3349924R,3.3
Northern Territory,Newspaper and book retailing,1992-09,21384,A3349924R,3.1
Northern Territory,Newspaper and book retailing,1992-10,21385,A3349924R,3.0
Northern Territory,Newspaper and book retailing,1992-11,21386,A3349924R,2.9
Northern Territory,Newspaper and book retailing,1992-12,21387,A3349924R,3.9
Northern Territory,Newspaper and book retailing,1993-01,21388,A3349924R,2.3
Northern Territory,Newspaper and book retailing,1993-02,21389,A3349924R,2.6
Northern Territory,Newspaper and book retailing,1993-03,21390,A3349924R,2.5
Northern Territory,Newspaper and book retailing,1993-04,21391,A3349924R,2.4
Northern Territory,Newspaper and book retailing,1993-05,21392,A3349924R,2.4
Northern Territory,Newspaper and book retailing,1993-06,21393,A3349924R,2.5
Northern Territory,Newspaper and book retailing,1993-07,21394,A3349924R,3.4
Northern Territory,Newspaper and book retailing,1993-08,21395,A3349924R,2.5
Northern Territory,Newspaper and book retailing,1993-09,21396,A3349924R,3.2
Northern Territory,Newspaper and book retailing,1993-10,21397,A3349924R,2.6
Northern Territory,Newspaper and book retailing,1993-11,21398,A3349924R,2.6
Northern Territory,Newspaper and book retailing,1993-12,21399,A3349924R,2.2
Northern Territory,Newspaper and book retailing,1994-01,21400,A3349924R,1.8
Northern Territory,Newspaper and book retailing,1994-02,21401,A3349924R,1.8
Northern Territory,Newspaper and book retailing,1994-03,21402,A3349924R,2.3
Northern Territory,Newspaper and book retailing,1994-04,21403,A3349924R,2.1
Northern Territory,Newspaper and book retailing,1994-05,21404,A3349924R,2.4
Northern Territory,Newspaper and book retailing,1994-06,21405,A3349924R,2.4
Northern Territory,Newspaper and book retailing,1994-07,21406,A3349924R,2.8
Northern Territory,Newspaper and book retailing,1994-08,21407,A3349924R,2.9
Northern Territory,Newspaper and book retailing,1994-09,21408,A3349924R,2.7
Northern Territory,Newspaper and book retailing,1994-10,21409,A3349924R,3.3
Northern Territory,Newspaper and book retailing,1994-11,21410,A3349924R,3.5
Northern Territory,Newspaper and book retailing,1994-12,21411,A3349924R,3.9
Northern Territory,Newspaper and book retailing,1995-01,21412,A3349924R,3.3
Northern Territory,Newspaper and book retailing,1995-02,21413,A3349924R,3.4
Northern Territory,Newspaper and book retailing,1995-03,21414,A3349924R,3.4
Northern Territory,Newspaper and book retailing,1995-04,21415,A3349924R,3.1
Northern Territory,Newspaper and book retailing,1995-05,21416,A3349924R,3.6
Northern Territory,Newspaper and book retailing,1995-06,21417,A3349924R,3.8
Northern Territory,Newspaper and book retailing,1995-07,21418,A3349924R,3.9
Northern Territory,Newspaper and book retailing,1995-08,21419,A3349924R,4.1
Northern Territory,Newspaper and book retailing,1995-09,21420,A3349924R,3.5
Northern Territory,Newspaper and book retailing,1995-10,21421,A3349924R,3.8
Northern Territory,Newspaper and book retailing,1995-11,21422,A3349924R,3.6
Northern Territory,Newspaper and book retailing,1995-12,21423,A3349924R,3.6
Northern Territory,Newspaper and book retailing,1996-01,21424,A3349924R,2.9
Northern Territory,Newspaper and book retailing,1996-02,21425,A3349924R,3.0
Northern Territory,Newspaper and book retailing,1996-03,21426,A3349924R,2.7
Northern Territory,Newspaper and book retailing,1996-04,21427,A3349924R,2.9
Northern Territory,Newspaper and book retailing,1996-05,21428,A3349924R,2.8
Northern Territory,Newspaper and book retailing,1996-06,21429,A3349924R,2.8
Northern Territory,Newspaper and book retailing,1996-07,21430,A3349924R,2.8
Northern Territory,Newspaper and book retailing,1996-08,21431,A3349924R,2.9
Northern Territory,Newspaper and book retailing,1996-09,21432,A3349924R,2.6
Northern Territory,Newspaper and book retailing,1996-10,21433,A3349924R,2.9
Northern Territory,Newspaper and book retailing,1996-11,21434,A3349924R,2.5
Northern Territory,Newspaper and book retailing,1996-12,21435,A3349924R,2.5
Northern Territory,Newspaper and book retailing,1997-01,21436,A3349924R,2.3
Northern Territory,Newspaper and book retailing,1997-02,21437,A3349924R,2.1
Northern Territory,Newspaper and book retailing,1997-03,21438,A3349924R,2.1
Northern Territory,Newspaper and book retailing,1997-04,21439,A3349924R,2.8
Northern Territory,Newspaper and book retailing,1997-05,21440,A3349924R,2.7
Northern Territory,Newspaper and book retailing,1997-06,21441,A3349924R,3.4
Northern Territory,Newspaper and book retailing,1997-07,21442,A3349924R,3.2
Northern Territory,Newspaper and book retailing,1997-08,21443,A3349924R,3.5
Northern Territory,Newspaper and book retailing,1997-09,21444,A3349924R,3.3
Northern Territory,Newspaper and book retailing,1997-10,21445,A3349924R,3.7
Northern Territory,Newspaper and book retailing,1997-11,21446,A3349924R,3.8
Northern Territory,Newspaper and book retailing,1997-12,21447,A3349924R,4.0
Northern Territory,Newspaper and book retailing,1998-01,21448,A3349924R,3.6
Northern Territory,Newspaper and book retailing,1998-02,21449,A3349924R,4.0
Northern Territory,Newspaper and book retailing,1998-03,21450,A3349924R,4.1
Northern Territory,Newspaper and book retailing,1998-04,21451,A3349924R,3.0
Northern Territory,Newspaper and book retailing,1998-05,21452,A3349924R,3.0
Northern Territory,Newspaper and book retailing,1998-06,21453,A3349924R,3.1
Northern Territory,Newspaper and book retailing,1998-07,21454,A3349924R,3.1
Northern Territory,Newspaper and book retailing,1998-08,21455,A3349924R,3.2
Northern Territory,Newspaper and book retailing,1998-09,21456,A3349924R,3.3
Northern Territory,Newspaper and book retailing,1998-10,21457,A3349924R,3.3
Northern Territory,Newspaper and book retailing,1998-11,21458,A3349924R,3.1
Northern Territory,Newspaper and book retailing,1998-12,21459,A3349924R,3.6
Northern Territory,Newspaper and book retailing,1999-01,21460,A3349924R,2.9
Northern Territory,Newspaper and book retailing,1999-02,21461,A3349924R,2.9
Northern Territory,Newspaper and book retailing,1999-03,21462,A3349924R,3.1
Northern Territory,Newspaper and book retailing,1999-04,21463,A3349924R,3.3
Northern Territory,Newspaper and book retailing,1999-05,21464,A3349924R,3.5
Northern Territory,Newspaper and book retailing,1999-06,21465,A3349924R,3.5
Northern Territory,Newspaper and book retailing,1999-07,21466,A3349924R,3.2
Northern Territory,Newspaper and book retailing,1999-08,21467,A3349924R,3.3
Northern Territory,Newspaper and book retailing,1999-09,21468,A3349924R,3.4
Northern Territory,Newspaper and book retailing,1999-10,21469,A3349924R,3.3
Northern Territory,Newspaper and book retailing,1999-11,21470,A3349924R,3.5
Northern Territory,Newspaper and book retailing,1999-12,21471,A3349924R,3.4
Northern Territory,Newspaper and book retailing,2000-01,21472,A3349924R,2.7
Northern Territory,Newspaper and book retailing,2000-02,21473,A3349924R,2.9
Northern Territory,Newspaper and book retailing,2000-03,21474,A3349924R,3.0
Northern Territory,Newspaper and book retailing,2000-04,21475,A3349924R,2.9
Northern Territory,Newspaper and book retailing,2000-05,21476,A3349924R,2.7
Northern Territory,Newspaper and book retailing,2000-06,21477,A3349924R,2.9
Northern Territory,Newspaper and book retailing,2000-07,21478,A3349924R,3.7
Northern Territory,Newspaper and book retailing,2000-08,21479,A3349924R,4.1
Northern Territory,Newspaper and book retailing,2000-09,21480,A3349924R,3.5
Northern Territory,Newspaper and book retailing,2000-10,21481,A3349924R,3.2
Northern Territory,Newspaper and book retailing,2000-11,21482,A3349924R,3.2
Northern Territory,Newspaper and book retailing,2000-12,21483,A3349924R,4.1
Northern Territory,Newspaper and book retailing,2001-01,21484,A3349924R,2.7
Northern Territory,Newspaper and book retailing,2001-02,21485,A3349924R,2.7
Northern Territory,Newspaper and book retailing,2001-03,21486,A3349924R,2.9
Northern Territory,Newspaper and book retailing,2001-04,21487,A3349924R,2.4
Northern Territory,Newspaper and book retailing,2001-05,21488,A3349924R,2.7
Northern Territory,Newspaper and book retailing,2001-06,21489,A3349924R,2.7
Northern Territory,Newspaper and book retailing,2001-07,21490,A3349924R,3.0
Northern Territory,Newspaper and book retailing,2001-08,21491,A3349924R,3.1
Northern Territory,Newspaper and book retailing,2001-09,21492,A3349924R,2.9
Northern Territory,Newspaper and book retailing,2001-10,21493,A3349924R,2.9
Northern Territory,Newspaper and book retailing,2001-11,21494,A3349924R,2.7
Northern Territory,Newspaper and book retailing,2001-12,21495,A3349924R,3.1
Northern Territory,Newspaper and book retailing,2002-01,21496,A3349924R,3.2
Northern Territory,Newspaper and book retailing,2002-02,21497,A3349924R,3.2
Northern Territory,Newspaper and book retailing,2002-03,21498,A3349924R,3.4
Northern Territory,Newspaper and book retailing,2002-04,21499,A3349924R,3.4
Northern Territory,Newspaper and book retailing,2002-05,21500,A3349924R,3.7
Northern Territory,Newspaper and book retailing,2002-06,21501,A3349924R,3.6
Northern Territory,Newspaper and book retailing,2002-07,21502,A3349924R,2.8
Northern Territory,Newspaper and book retailing,2002-08,21503,A3349924R,2.9
Northern Territory,Newspaper and book retailing,2002-09,21504,A3349924R,2.7
Northern Territory,Newspaper and book retailing,2002-10,21505,A3349924R,2.6
Northern Territory,Newspaper and book retailing,2002-11,21506,A3349924R,2.5
Northern Territory,Newspaper and book retailing,2002-12,21507,A3349924R,2.9
Northern Territory,Newspaper and book retailing,2003-01,21508,A3349924R,2.2
Northern Territory,Newspaper and book retailing,2003-02,21509,A3349924R,2.3
Northern Territory,Newspaper and book retailing,2003-03,21510,A3349924R,2.3
Northern Territory,Newspaper and book retailing,2003-04,21511,A3349924R,2.6
Northern Territory,Newspaper and book retailing,2003-05,21512,A3349924R,2.9
Northern Territory,Newspaper and book retailing,2003-06,21513,A3349924R,3.0
Northern Territory,Newspaper and book retailing,2003-07,21514,A3349924R,3.2
Northern Territory,Newspaper and book retailing,2003-08,21515,A3349924R,3.1
Northern Territory,Newspaper and book retailing,2003-09,21516,A3349924R,3.1
Northern Territory,Newspaper and book retailing,2003-10,21517,A3349924R,2.9
Northern Territory,Newspaper and book retailing,2003-11,21518,A3349924R,2.8
Northern Territory,Newspaper and book retailing,2003-12,21519,A3349924R,3.7
Northern Territory,Newspaper and book retailing,2004-01,21520,A3349924R,2.6
Northern Territory,Newspaper and book retailing,2004-02,21521,A3349924R,2.8
Northern Territory,Newspaper and book retailing,2004-03,21522,A3349924R,2.9
Northern Territory,Newspaper and book retailing,2004-04,21523,A3349924R,2.7
Northern Territory,Newspaper and book retailing,2004-05,21524,A3349924R,2.9
Northern Territory,Newspaper and book retailing,2004-06,21525,A3349924R,3.0
Northern Territory,Newspaper and book retailing,2004-07,21526,A3349924R,3.2
Northern Territory,Newspaper and book retailing,2004-08,21527,A3349924R,3.1
Northern Territory,Newspaper and book retailing,2004-09,21528,A3349924R,3.0
Northern Territory,Newspaper and book retailing,2004-10,21529,A3349924R,3.2
Northern Territory,Newspaper and book retailing,2004-11,21530,A3349924R,3.0
Northern Territory,Newspaper and book retailing,2004-12,21531,A3349924R,3.8
Northern Territory,Newspaper and book retailing,2005-01,21532,A3349924R,3.0
Northern Territory,Newspaper and book retailing,2005-02,21533,A3349924R,2.8
Northern Territory,Newspaper and book retailing,2005-03,21534,A3349924R,3.0
Northern Territory,Newspaper and book retailing,2005-04,21535,A3349924R,3.0
Northern Territory,Newspaper and book retailing,2005-05,21536,A3349924R,3.0
Northern Territory,Newspaper and book retailing,2005-06,21537,A3349924R,3.0
Northern Territory,Newspaper and book retailing,2005-07,21538,A3349924R,2.9
Northern Territory,Newspaper and book retailing,2005-08,21539,A3349924R,3.0
Northern Territory,Newspaper and book retailing,2005-09,21540,A3349924R,2.8
Northern Territory,Newspaper and book retailing,2005-10,21541,A3349924R,2.7
Northern Territory,Newspaper and book retailing,2005-11,21542,A3349924R,2.4
Northern Territory,Newspaper and book retailing,2005-12,21543,A3349924R,2.9
Northern Territory,Newspaper and book retailing,2006-01,21544,A3349924R,1.7
Northern Territory,Newspaper and book retailing,2006-02,21545,A3349924R,1.6
Northern Territory,Newspaper and book retailing,2006-03,21546,A3349924R,1.8
Northern Territory,Newspaper and book retailing,2006-04,21547,A3349924R,1.8
Northern Territory,Newspaper and book retailing,2006-05,21548,A3349924R,2.0
Northern Territory,Newspaper and book retailing,2006-06,21549,A3349924R,2.2
Northern Territory,Newspaper and book retailing,2006-07,21550,A3349924R,2.5
Northern Territory,Newspaper and book retailing,2006-08,21551,A3349924R,2.3
Northern Territory,Newspaper and book retailing,2006-09,21552,A3349924R,2.2
Northern Territory,Newspaper and book retailing,2006-10,21553,A3349924R,2.7
Northern Territory,Newspaper and book retailing,2006-11,21554,A3349924R,2.6
Northern Territory,Newspaper and book retailing,2006-12,21555,A3349924R,3.3
Northern Territory,Newspaper and book retailing,2007-01,21556,A3349924R,1.9
Northern Territory,Newspaper and book retailing,2007-02,21557,A3349924R,2.0
Northern Territory,Newspaper and book retailing,2007-03,21558,A3349924R,2.0
Northern Territory,Newspaper and book retailing,2007-04,21559,A3349924R,2.1
Northern Territory,Newspaper and book retailing,2007-05,21560,A3349924R,2.4
Northern Territory,Newspaper and book retailing,2007-06,21561,A3349924R,2.5
Northern Territory,Newspaper and book retailing,2007-07,21562,A3349924R,2.5
Northern Territory,Newspaper and book retailing,2007-08,21563,A3349924R,2.4
Northern Territory,Newspaper and book retailing,2007-09,21564,A3349924R,2.4
Northern Territory,Newspaper and book retailing,2007-10,21565,A3349924R,2.6
Northern Territory,Newspaper and book retailing,2007-11,21566,A3349924R,2.6
Northern Territory,Newspaper and book retailing,2007-12,21567,A3349924R,3.7
Northern Territory,Newspaper and book retailing,2008-01,21568,A3349924R,2.0
Northern Territory,Newspaper and book retailing,2008-02,21569,A3349924R,2.3
Northern Territory,Newspaper and book retailing,2008-03,21570,A3349924R,2.3
Northern Territory,Newspaper and book retailing,2008-04,21571,A3349924R,3.2
Northern Territory,Newspaper and book retailing,2008-05,21572,A3349924R,3.9
Northern Territory,Newspaper and book retailing,2008-06,21573,A3349924R,3.7
Northern Territory,Newspaper and book retailing,2008-07,21574,A3349924R,4.0
Northern Territory,Newspaper and book retailing,2008-08,21575,A3349924R,3.7
Northern Territory,Newspaper and book retailing,2008-09,21576,A3349924R,3.6
Northern Territory,Newspaper and book retailing,2008-10,21577,A3349924R,3.6
Northern Territory,Newspaper and book retailing,2008-11,21578,A3349924R,3.3
Northern Territory,Newspaper and book retailing,2008-12,21579,A3349924R,4.7
Northern Territory,Newspaper and book retailing,2009-01,21580,A3349924R,3.6
Northern Territory,Newspaper and book retailing,2009-02,21581,A3349924R,2.8
Northern Territory,Newspaper and book retailing,2009-03,21582,A3349924R,2.9
Northern Territory,Newspaper and book retailing,2009-04,21583,A3349924R,2.7
Northern Territory,Newspaper and book retailing,2009-05,21584,A3349924R,3.0
Northern Territory,Newspaper and book retailing,2009-06,21585,A3349924R,3.1
Northern Territory,Newspaper and book retailing,2009-07,21586,A3349924R,3.1
Northern Territory,Newspaper and book retailing,2009-08,21587,A3349924R,3.0
Northern Territory,Newspaper and book retailing,2009-09,21588,A3349924R,2.8
Northern Territory,Newspaper and book retailing,2009-10,21589,A3349924R,2.3
Northern Territory,Newspaper and book retailing,2009-11,21590,A3349924R,2.5
Northern Territory,Newspaper and book retailing,2009-12,21591,A3349924R,3.7
Northern Territory,Newspaper and book retailing,2010-01,21592,A3349924R,2.3
Northern Territory,Newspaper and book retailing,2010-02,21593,A3349924R,1.7
Northern Territory,Newspaper and book retailing,2010-03,21594,A3349924R,1.7
Northern Territory,Newspaper and book retailing,2010-04,21595,A3349924R,1.6
Northern Territory,Newspaper and book retailing,2010-05,21596,A3349924R,2.0
Northern Territory,Newspaper and book retailing,2010-06,21597,A3349924R,1.9
Northern Territory,Newspaper and book retailing,2010-07,21598,A3349924R,2.7
Northern Territory,Newspaper and book retailing,2010-08,21599,A3349924R,2.4
Northern Territory,Newspaper and book retailing,2010-09,21600,A3349924R,2.3
Northern Territory,Newspaper and book retailing,2010-10,21601,A3349924R,2.4
Northern Territory,Newspaper and book retailing,2010-11,21602,A3349924R,2.4
Northern Territory,Newspaper and book retailing,2010-12,21603,A3349924R,3.1
Northern Territory,Newspaper and book retailing,2011-01,21604,A3349924R,3.0
Northern Territory,Newspaper and book retailing,2011-02,21605,A3349924R,2.7
Northern Territory,Newspaper and book retailing,2011-03,21606,A3349924R,2.9
Northern Territory,Newspaper and book retailing,2011-04,21607,A3349924R,2.8
Northern Territory,Newspaper and book retailing,2011-05,21608,A3349924R,2.8
Northern Territory,Newspaper and book retailing,2011-06,21609,A3349924R,2.8
Northern Territory,Newspaper and book retailing,2011-07,21610,A3349924R,2.8
Northern Territory,Newspaper and book retailing,2011-08,21611,A3349924R,2.8
Northern Territory,Newspaper and book retailing,2011-09,21612,A3349924R,2.8
Northern Territory,Newspaper and book retailing,2011-10,21613,A3349924R,2.8
Northern Territory,Newspaper and book retailing,2011-11,21614,A3349924R,2.8
Northern Territory,Newspaper and book retailing,2011-12,21615,A3349924R,3.5
Northern Territory,Newspaper and book retailing,2012-01,21616,A3349924R,2.4
Northern Territory,Newspaper and book retailing,2012-02,21617,A3349924R,2.3
Northern Territory,Newspaper and book retailing,2012-03,21618,A3349924R,2.4
Northern Territory,Newspaper and book retailing,2012-04,21619,A3349924R,1.9
Northern Territory,Newspaper and book retailing,2012-05,21620,A3349924R,2.1
Northern Territory,Newspaper and book retailing,2012-06,21621,A3349924R,2.0
Northern Territory,Newspaper and book retailing,2012-07,21622,A3349924R,2.2
Northern Territory,Newspaper and book retailing,2012-08,21623,A3349924R,2.2
Northern Territory,Newspaper and book retailing,2012-09,21624,A3349924R,2.0
Northern Territory,Newspaper and book retailing,2012-10,21625,A3349924R,2.3
Northern Territory,Newspaper and book retailing,2012-11,21626,A3349924R,2.3
Northern Territory,Newspaper and book retailing,2012-12,21627,A3349924R,2.7
Northern Territory,Newspaper and book retailing,2013-01,21628,A3349924R,2.1
Northern Territory,Newspaper and book retailing,2013-02,21629,A3349924R,2.1
Northern Territory,Newspaper and book retailing,2013-03,21630,A3349924R,2.3
Northern Territory,Newspaper and book retailing,2013-04,21631,A3349924R,2.4
Northern Territory,Newspaper and book retailing,2013-05,21632,A3349924R,2.3
Northern Territory,Newspaper and book retailing,2013-06,21633,A3349924R,2.3
Northern Territory,Newspaper and book retailing,2013-07,21634,A3349924R,3.0
Northern Territory,Newspaper and book retailing,2013-08,21635,A3349924R,2.5
Northern Territory,Newspaper and book retailing,2013-09,21636,A3349924R,2.1
Northern Territory,Newspaper and book retailing,2013-10,21637,A3349924R,1.6
Northern Territory,Newspaper and book retailing,2013-11,21638,A3349924R,1.7
Northern Territory,Newspaper and book retailing,2013-12,21639,A3349924R,2.4
Northern Territory,Newspaper and book retailing,2014-01,21640,A3349924R,1.4
Northern Territory,Newspaper and book retailing,2014-02,21641,A3349924R,1.3
Northern Territory,Newspaper and book retailing,2014-03,21642,A3349924R,1.3
Northern Territory,Newspaper and book retailing,2014-04,21643,A3349924R,1.1
Northern Territory,Newspaper and book retailing,2014-05,21644,A3349924R,1.2
Northern Territory,Newspaper and book retailing,2014-06,21645,A3349924R,1.1
Northern Territory,Newspaper and book retailing,2014-07,21646,A3349924R,1.6
Northern Territory,Newspaper and book retailing,2014-08,21647,A3349924R,1.6
Northern Territory,Newspaper and book retailing,2014-09,21648,A3349924R,1.3
Northern Territory,Newspaper and book retailing,2014-10,21649,A3349924R,1.1
Northern Territory,Newspaper and book retailing,2014-11,21650,A3349924R,1.3
Northern Territory,Newspaper and book retailing,2014-12,21651,A3349924R,1.7
Northern Territory,Newspaper and book retailing,2015-01,21652,A3349924R,1.0
Northern Territory,Newspaper and book retailing,2015-02,21653,A3349924R,0.9
Northern Territory,Newspaper and book retailing,2015-03,21654,A3349924R,0.9
Northern Territory,Newspaper and book retailing,2015-04,21655,A3349924R,0.7
Northern Territory,Newspaper and book retailing,2015-05,21656,A3349924R,1.0
Northern Territory,Newspaper and book retailing,2015-06,21657,A3349924R,1.0
Northern Territory,Newspaper and book retailing,2015-07,21658,A3349924R,1.4
Northern Territory,Newspaper and book retailing,2015-08,21659,A3349924R,1.2
Northern Territory,Newspaper and book retailing,2015-09,21660,A3349924R,1.1
Northern Territory,Newspaper and book retailing,2015-10,21661,A3349924R,1.0
Northern Territory,Newspaper and book retailing,2015-11,21662,A3349924R,1.1
Northern Territory,Newspaper and book retailing,2015-12,21663,A3349924R,1.7
Northern Territory,Newspaper and book retailing,2016-01,21664,A3349924R,1.0
Northern Territory,Newspaper and book retailing,2016-02,21665,A3349924R,1.2
Northern Territory,Newspaper and book retailing,2016-03,21666,A3349924R,1.2
Northern Territory,Newspaper and book retailing,2016-04,21667,A3349924R,1.3
Northern Territory,Newspaper and book retailing,2016-05,21668,A3349924R,1.3
Northern Territory,Newspaper and book retailing,2016-06,21669,A3349924R,1.3
Northern Territory,Newspaper and book retailing,2016-07,21670,A3349924R,1.7
Northern Territory,Newspaper and book retailing,2016-08,21671,A3349924R,1.5
Northern Territory,Newspaper and book retailing,2016-09,21672,A3349924R,1.3
Northern Territory,Newspaper and book retailing,2016-10,21673,A3349924R,1.3
Northern Territory,Newspaper and book retailing,2016-11,21674,A3349924R,1.4
Northern Territory,Newspaper and book retailing,2016-12,21675,A3349924R,2.1
Northern Territory,Newspaper and book retailing,2017-01,21676,A3349924R,1.1
Northern Territory,Newspaper and book retailing,2017-02,21677,A3349924R,1.0
Northern Territory,Newspaper and book retailing,2017-03,21678,A3349924R,1.2
Northern Territory,Newspaper and book retailing,2017-04,21679,A3349924R,1.3
Northern Territory,Newspaper and book retailing,2017-05,21680,A3349924R,1.5
Northern Territory,Newspaper and book retailing,2017-06,21681,A3349924R,1.3
Northern Territory,Newspaper and book retailing,2017-07,21682,A3349924R,1.6
Northern Territory,Newspaper and book retailing,2017-08,21683,A3349924R,1.5
Northern Territory,Newspaper and book retailing,2017-09,21684,A3349924R,1.5
Northern Territory,Newspaper and book retailing,2017-10,21685,A3349924R,1.1
Northern Territory,Newspaper and book retailing,2017-11,21686,A3349924R,1.1
Northern Territory,Newspaper and book retailing,2017-12,21687,A3349924R,1.7
Northern Territory,Newspaper and book retailing,2018-01,21688,A3349924R,1.2
Northern Territory,Newspaper and book retailing,2018-02,21689,A3349924R,1.1
Northern Territory,Newspaper and book retailing,2018-03,21690,A3349924R,1.2
Northern Territory,Newspaper and book retailing,2018-04,21691,A3349924R,1.3
Northern Territory,Newspaper and book retailing,2018-05,21692,A3349924R,1.5
Northern Territory,Newspaper and book retailing,2018-06,21693,A3349924R,1.6
Northern Territory,Newspaper and book retailing,2018-07,21694,A3349924R,1.7
Northern Territory,Newspaper and book retailing,2018-08,21695,A3349924R,1.6
Northern Territory,Newspaper and book retailing,2018-09,21696,A3349924R,1.5
Northern Territory,Newspaper and book retailing,2018-10,21697,A3349924R,1.3
Northern Territory,Newspaper and book retailing,2018-11,21698,A3349924R,1.2
Northern Territory,Newspaper and book retailing,2018-12,21699,A3349924R,1.5
Queensland,Newspaper and book retailing,1982-04,28167,A3349348C,18.4
Queensland,Newspaper and book retailing,1982-05,28168,A3349348C,17.7
Queensland,Newspaper and book retailing,1982-06,28169,A3349348C,17.7
Queensland,Newspaper and book retailing,1982-07,28170,A3349348C,18.4
Queensland,Newspaper and book retailing,1982-08,28171,A3349348C,17.8
Queensland,Newspaper and book retailing,1982-09,28172,A3349348C,18.8
Queensland,Newspaper and book retailing,1982-10,28173,A3349348C,20.2
Queensland,Newspaper and book retailing,1982-11,28174,A3349348C,21.5
Queensland,Newspaper and book retailing,1982-12,28175,A3349348C,30.9
Queensland,Newspaper and book retailing,1983-01,28176,A3349348C,22.8
Queensland,Newspaper and book retailing,1983-02,28177,A3349348C,20.2
Queensland,Newspaper and book retailing,1983-03,28178,A3349348C,20.9
Queensland,Newspaper and book retailing,1983-04,28179,A3349348C,18.3
Queensland,Newspaper and book retailing,1983-05,28180,A3349348C,20.2
Queensland,Newspaper and book retailing,1983-06,28181,A3349348C,19.8
Queensland,Newspaper and book retailing,1983-07,28182,A3349348C,20.8
Queensland,Newspaper and book retailing,1983-08,28183,A3349348C,21.2
Queensland,Newspaper and book retailing,1983-09,28184,A3349348C,20.5
Queensland,Newspaper and book retailing,1983-10,28185,A3349348C,21.1
Queensland,Newspaper and book retailing,1983-11,28186,A3349348C,23.3
Queensland,Newspaper and book retailing,1983-12,28187,A3349348C,29.9
Queensland,Newspaper and book retailing,1984-01,28188,A3349348C,25.1
Queensland,Newspaper and book retailing,1984-02,28189,A3349348C,23.2
Queensland,Newspaper and book retailing,1984-03,28190,A3349348C,23.4
Queensland,Newspaper and book retailing,1984-04,28191,A3349348C,21.4
Queensland,Newspaper and book retailing,1984-05,28192,A3349348C,23.1
Queensland,Newspaper and book retailing,1984-06,28193,A3349348C,22.0
Queensland,Newspaper and book retailing,1984-07,28194,A3349348C,25.9
Queensland,Newspaper and book retailing,1984-08,28195,A3349348C,27.5
Queensland,Newspaper and book retailing,1984-09,28196,A3349348C,27.1
Queensland,Newspaper and book retailing,1984-10,28197,A3349348C,29.5
Queensland,Newspaper and book retailing,1984-11,28198,A3349348C,28.6
Queensland,Newspaper and book retailing,1984-12,28199,A3349348C,33.6
Queensland,Newspaper and book retailing,1985-01,28200,A3349348C,28.6
Queensland,Newspaper and book retailing,1985-02,28201,A3349348C,24.5
Queensland,Newspaper and book retailing,1985-03,28202,A3349348C,25.9
Queensland,Newspaper and book retailing,1985-04,28203,A3349348C,24.1
Queensland,Newspaper and book retailing,1985-05,28204,A3349348C,26.9
Queensland,Newspaper and book retailing,1985-06,28205,A3349348C,24.8
Queensland,Newspaper and book retailing,1985-07,28206,A3349348C,26.5
Queensland,Newspaper and book retailing,1985-08,28207,A3349348C,26.8
Queensland,Newspaper and book retailing,1985-09,28208,A3349348C,25.6
Queensland,Newspaper and book retailing,1985-10,28209,A3349348C,25.6
Queensland,Newspaper and book retailing,1985-11,28210,A3349348C,26.8
Queensland,Newspaper and book retailing,1985-12,28211,A3349348C,32.3
Queensland,Newspaper and book retailing,1986-01,28212,A3349348C,32.1
Queensland,Newspaper and book retailing,1986-02,28213,A3349348C,28.3
Queensland,Newspaper and book retailing,1986-03,28214,A3349348C,26.4
Queensland,Newspaper and book retailing,1986-04,28215,A3349348C,27.7
Queensland,Newspaper and book retailing,1986-05,28216,A3349348C,29.7
Queensland,Newspaper and book retailing,1986-06,28217,A3349348C,28.5
Queensland,Newspaper and book retailing,1986-07,28218,A3349348C,29.1
Queensland,Newspaper and book retailing,1986-08,28219,A3349348C,28.9
Queensland,Newspaper and book retailing,1986-09,28220,A3349348C,30.1
Queensland,Newspaper and book retailing,1986-10,28221,A3349348C,32.1
Queensland,Newspaper and book retailing,1986-11,28222,A3349348C,32.0
Queensland,Newspaper and book retailing,1986-12,28223,A3349348C,43.3
Queensland,Newspaper and book retailing,1987-01,28224,A3349348C,39.9
Queensland,Newspaper and book retailing,1987-02,28225,A3349348C,32.4
Queensland,Newspaper and book retailing,1987-03,28226,A3349348C,32.7
Queensland,Newspaper and book retailing,1987-04,28227,A3349348C,33.1
Queensland,Newspaper and book retailing,1987-05,28228,A3349348C,34.3
Queensland,Newspaper and book retailing,1987-06,28229,A3349348C,32.7
Queensland,Newspaper and book retailing,1987-07,28230,A3349348C,35.3
Queensland,Newspaper and book retailing,1987-08,28231,A3349348C,34.9
Queensland,Newspaper and book retailing,1987-09,28232,A3349348C,36.4
Queensland,Newspaper and book retailing,1987-10,28233,A3349348C,33.5
Queensland,Newspaper and book retailing,1987-11,28234,A3349348C,36.3
Queensland,Newspaper and book retailing,1987-12,28235,A3349348C,51.1
Queensland,Newspaper and book retailing,1988-01,28236,A3349348C,37.9
Queensland,Newspaper and book retailing,1988-02,28237,A3349348C,37.0
Queensland,Newspaper and book retailing,1988-03,28238,A3349348C,35.8
Queensland,Newspaper and book retailing,1988-04,28239,A3349348C,31.8
Queensland,Newspaper and book retailing,1988-05,28240,A3349348C,36.7
Queensland,Newspaper and book retailing,1988-06,28241,A3349348C,34.7
Queensland,Newspaper and book retailing,1988-07,28242,A3349348C,39.1
Queensland,Newspaper and book retailing,1988-08,28243,A3349348C,44.8
Queensland,Newspaper and book retailing,1988-09,28244,A3349348C,39.8
Queensland,Newspaper and book retailing,1988-10,28245,A3349348C,39.6
Queensland,Newspaper and book retailing,1988-11,28246,A3349348C,40.2
Queensland,Newspaper and book retailing,1988-12,28247,A3349348C,60.0
Queensland,Newspaper and book retailing,1989-01,28248,A3349348C,52.1
Queensland,Newspaper and book retailing,1989-02,28249,A3349348C,47.0
Queensland,Newspaper and book retailing,1989-03,28250,A3349348C,50.7
Queensland,Newspaper and book retailing,1989-04,28251,A3349348C,49.2
Queensland,Newspaper and book retailing,1989-05,28252,A3349348C,51.7
Queensland,Newspaper and book retailing,1989-06,28253,A3349348C,43.4
Queensland,Newspaper and book retailing,1989-07,28254,A3349348C,43.9
Queensland,Newspaper and book retailing,1989-08,28255,A3349348C,45.8
Queensland,Newspaper and book retailing,1989-09,28256,A3349348C,43.1
Queensland,Newspaper and book retailing,1989-10,28257,A3349348C,43.8
Queensland,Newspaper and book retailing,1989-11,28258,A3349348C,44.4
Queensland,Newspaper and book retailing,1989-12,28259,A3349348C,50.6
Queensland,Newspaper and book retailing,1990-01,28260,A3349348C,45.9
Queensland,Newspaper and book retailing,1990-02,28261,A3349348C,44.0
Queensland,Newspaper and book retailing,1990-03,28262,A3349348C,40.1
Queensland,Newspaper and book retailing,1990-04,28263,A3349348C,39.6
Queensland,Newspaper and book retailing,1990-05,28264,A3349348C,43.7
Queensland,Newspaper and book retailing,1990-06,28265,A3349348C,42.6
Queensland,Newspaper and book retailing,1990-07,28266,A3349348C,44.2
Queensland,Newspaper and book retailing,1990-08,28267,A3349348C,45.4
Queensland,Newspaper and book retailing,1990-09,28268,A3349348C,42.2
Queensland,Newspaper and book retailing,1990-10,28269,A3349348C,45.7
Queensland,Newspaper and book retailing,1990-11,28270,A3349348C,43.3
Queensland,Newspaper and book retailing,1990-12,28271,A3349348C,50.2
Queensland,Newspaper and book retailing,1991-01,28272,A3349348C,42.7
Queensland,Newspaper and book retailing,1991-02,28273,A3349348C,42.3
Queensland,Newspaper and book retailing,1991-03,28274,A3349348C,43.3
Queensland,Newspaper and book retailing,1991-04,28275,A3349348C,42.3
Queensland,Newspaper and book retailing,1991-05,28276,A3349348C,45.9
Queensland,Newspaper and book retailing,1991-06,28277,A3349348C,42.4
Queensland,Newspaper and book retailing,1991-07,28278,A3349348C,42.8
Queensland,Newspaper and book retailing,1991-08,28279,A3349348C,43.1
Queensland,Newspaper and book retailing,1991-09,28280,A3349348C,46.2
Queensland,Newspaper and book retailing,1991-10,28281,A3349348C,48.8
Queensland,Newspaper and book retailing,1991-11,28282,A3349348C,46.8
Queensland,Newspaper and book retailing,1991-12,28283,A3349348C,60.9
Queensland,Newspaper and book retailing,1992-01,28284,A3349348C,52.0
Queensland,Newspaper and book retailing,1992-02,28285,A3349348C,50.4
Queensland,Newspaper and book retailing,1992-03,28286,A3349348C,50.6
Queensland,Newspaper and book retailing,1992-04,28287,A3349348C,46.3
Queensland,Newspaper and book retailing,1992-05,28288,A3349348C,48.2
Queensland,Newspaper and book retailing,1992-06,28289,A3349348C,44.1
Queensland,Newspaper and book retailing,1992-07,28290,A3349348C,48.1
Queensland,Newspaper and book retailing,1992-08,28291,A3349348C,47.1
Queensland,Newspaper and book retailing,1992-09,28292,A3349348C,44.7
Queensland,Newspaper and book retailing,1992-10,28293,A3349348C,41.6
Queensland,Newspaper and book retailing,1992-11,28294,A3349348C,45.4
Queensland,Newspaper and book retailing,1992-12,28295,A3349348C,60.8
Queensland,Newspaper and book retailing,1993-01,28296,A3349348C,44.4
Queensland,Newspaper and book retailing,1993-02,28297,A3349348C,44.5
Queensland,Newspaper and book retailing,1993-03,28298,A3349348C,45.8
Queensland,Newspaper and book retailing,1993-04,28299,A3349348C,42.4
Queensland,Newspaper and book retailing,1993-05,28300,A3349348C,45.4
Queensland,Newspaper and book retailing,1993-06,28301,A3349348C,47.3
Queensland,Newspaper and book retailing,1993-07,28302,A3349348C,50.9
Queensland,Newspaper and book retailing,1993-08,28303,A3349348C,50.4
Queensland,Newspaper and book retailing,1993-09,28304,A3349348C,43.9
Queensland,Newspaper and book retailing,1993-10,28305,A3349348C,41.5
Queensland,Newspaper and book retailing,1993-11,28306,A3349348C,41.9
Queensland,Newspaper and book retailing,1993-12,28307,A3349348C,66.8
Queensland,Newspaper and book retailing,1994-01,28308,A3349348C,50.3
Queensland,Newspaper and book retailing,1994-02,28309,A3349348C,51.4
Queensland,Newspaper and book retailing,1994-03,28310,A3349348C,56.5
Queensland,Newspaper and book retailing,1994-04,28311,A3349348C,47.7
Queensland,Newspaper and book retailing,1994-05,28312,A3349348C,51.7
Queensland,Newspaper and book retailing,1994-06,28313,A3349348C,51.1
Queensland,Newspaper and book retailing,1994-07,28314,A3349348C,54.9
Queensland,Newspaper and book retailing,1994-08,28315,A3349348C,55.2
Queensland,Newspaper and book retailing,1994-09,28316,A3349348C,54.6
Queensland,Newspaper and book retailing,1994-10,28317,A3349348C,56.1
Queensland,Newspaper and book retailing,1994-11,28318,A3349348C,65.0
Queensland,Newspaper and book retailing,1994-12,28319,A3349348C,84.2
Queensland,Newspaper and book retailing,1995-01,28320,A3349348C,68.4
Queensland,Newspaper and book retailing,1995-02,28321,A3349348C,61.6
Queensland,Newspaper and book retailing,1995-03,28322,A3349348C,60.5
Queensland,Newspaper and book retailing,1995-04,28323,A3349348C,54.5
Queensland,Newspaper and book retailing,1995-05,28324,A3349348C,60.6
Queensland,Newspaper and book retailing,1995-06,28325,A3349348C,58.6
Queensland,Newspaper and book retailing,1995-07,28326,A3349348C,62.4
Queensland,Newspaper and book retailing,1995-08,28327,A3349348C,59.9
Queensland,Newspaper and book retailing,1995-09,28328,A3349348C,62.5
Queensland,Newspaper and book retailing,1995-10,28329,A3349348C,56.1
Queensland,Newspaper and book retailing,1995-11,28330,A3349348C,60.7
Queensland,Newspaper and book retailing,1995-12,28331,A3349348C,77.3
Queensland,Newspaper and book retailing,1996-01,28332,A3349348C,61.2
Queensland,Newspaper and book retailing,1996-02,28333,A3349348C,53.6
Queensland,Newspaper and book retailing,1996-03,28334,A3349348C,52.1
Queensland,Newspaper and book retailing,1996-04,28335,A3349348C,48.0
Queensland,Newspaper and book retailing,1996-05,28336,A3349348C,48.9
Queensland,Newspaper and book retailing,1996-06,28337,A3349348C,48.7
Queensland,Newspaper and book retailing,1996-07,28338,A3349348C,45.8
Queensland,Newspaper and book retailing,1996-08,28339,A3349348C,43.9
Queensland,Newspaper and book retailing,1996-09,28340,A3349348C,39.1
Queensland,Newspaper and book retailing,1996-10,28341,A3349348C,39.1
Queensland,Newspaper and book retailing,1996-11,28342,A3349348C,39.0
Queensland,Newspaper and book retailing,1996-12,28343,A3349348C,47.0
Queensland,Newspaper and book retailing,1997-01,28344,A3349348C,46.3
Queensland,Newspaper and book retailing,1997-02,28345,A3349348C,40.9
Queensland,Newspaper and book retailing,1997-03,28346,A3349348C,39.2
Queensland,Newspaper and book retailing,1997-04,28347,A3349348C,41.8
Queensland,Newspaper and book retailing,1997-05,28348,A3349348C,43.2
Queensland,Newspaper and book retailing,1997-06,28349,A3349348C,40.9
Queensland,Newspaper and book retailing,1997-07,28350,A3349348C,45.1
Queensland,Newspaper and book retailing,1997-08,28351,A3349348C,46.4
Queensland,Newspaper and book retailing,1997-09,28352,A3349348C,44.0
Queensland,Newspaper and book retailing,1997-10,28353,A3349348C,45.6
Queensland,Newspaper and book retailing,1997-11,28354,A3349348C,43.3
Queensland,Newspaper and book retailing,1997-12,28355,A3349348C,50.9
Queensland,Newspaper and book retailing,1998-01,28356,A3349348C,46.1
Queensland,Newspaper and book retailing,1998-02,28357,A3349348C,41.4
Queensland,Newspaper and book retailing,1998-03,28358,A3349348C,41.6
Queensland,Newspaper and book retailing,1998-04,28359,A3349348C,46.2
Queensland,Newspaper and book retailing,1998-05,28360,A3349348C,48.6
Queensland,Newspaper and book retailing,1998-06,28361,A3349348C,48.8
Queensland,Newspaper and book retailing,1998-07,28362,A3349348C,48.4
Queensland,Newspaper and book retailing,1998-08,28363,A3349348C,47.8
Queensland,Newspaper and book retailing,1998-09,28364,A3349348C,47.6
Queensland,Newspaper and book retailing,1998-10,28365,A3349348C,51.8
Queensland,Newspaper and book retailing,1998-11,28366,A3349348C,50.7
Queensland,Newspaper and book retailing,1998-12,28367,A3349348C,60.4
Queensland,Newspaper and book retailing,1999-01,28368,A3349348C,56.6
Queensland,Newspaper and book retailing,1999-02,28369,A3349348C,51.1
Queensland,Newspaper and book retailing,1999-03,28370,A3349348C,57.3
Queensland,Newspaper and book retailing,1999-04,28371,A3349348C,50.7
Queensland,Newspaper and book retailing,1999-05,28372,A3349348C,54.3
Queensland,Newspaper and book retailing,1999-06,28373,A3349348C,49.9
Queensland,Newspaper and book retailing,1999-07,28374,A3349348C,60.4
Queensland,Newspaper and book retailing,1999-08,28375,A3349348C,59.0
Queensland,Newspaper and book retailing,1999-09,28376,A3349348C,58.6
Queensland,Newspaper and book retailing,1999-10,28377,A3349348C,61.0
Queensland,Newspaper and book retailing,1999-11,28378,A3349348C,62.8
Queensland,Newspaper and book retailing,1999-12,28379,A3349348C,74.7
Queensland,Newspaper and book retailing,2000-01,28380,A3349348C,58.1
Queensland,Newspaper and book retailing,2000-02,28381,A3349348C,64.5
Queensland,Newspaper and book retailing,2000-03,28382,A3349348C,60.8
Queensland,Newspaper and book retailing,2000-04,28383,A3349348C,49.2
Queensland,Newspaper and book retailing,2000-05,28384,A3349348C,49.0
Queensland,Newspaper and book retailing,2000-06,28385,A3349348C,47.8
Queensland,Newspaper and book retailing,2000-07,28386,A3349348C,49.9
Queensland,Newspaper and book retailing,2000-08,28387,A3349348C,48.2
Queensland,Newspaper and book retailing,2000-09,28388,A3349348C,46.7
Queensland,Newspaper and book retailing,2000-10,28389,A3349348C,55.5
Queensland,Newspaper and book retailing,2000-11,28390,A3349348C,55.2
Queensland,Newspaper and book retailing,2000-12,28391,A3349348C,65.7
Queensland,Newspaper and book retailing,2001-01,28392,A3349348C,55.1
Queensland,Newspaper and book retailing,2001-02,28393,A3349348C,50.1
Queensland,Newspaper and book retailing,2001-03,28394,A3349348C,54.7
Queensland,Newspaper and book retailing,2001-04,28395,A3349348C,44.4
Queensland,Newspaper and book retailing,2001-05,28396,A3349348C,46.5
Queensland,Newspaper and book retailing,2001-06,28397,A3349348C,42.5
Queensland,Newspaper and book retailing,2001-07,28398,A3349348C,42.8
Queensland,Newspaper and book retailing,2001-08,28399,A3349348C,43.7
Queensland,Newspaper and book retailing,2001-09,28400,A3349348C,39.8
Queensland,Newspaper and book retailing,2001-10,28401,A3349348C,43.6
Queensland,Newspaper and book retailing,2001-11,28402,A3349348C,44.1
Queensland,Newspaper and book retailing,2001-12,28403,A3349348C,53.8
Queensland,Newspaper and book retailing,2002-01,28404,A3349348C,53.5
Queensland,Newspaper and book retailing,2002-02,28405,A3349348C,47.7
Queensland,Newspaper and book retailing,2002-03,28406,A3349348C,49.1
Queensland,Newspaper and book retailing,2002-04,28407,A3349348C,48.5
Queensland,Newspaper and book retailing,2002-05,28408,A3349348C,49.0
Queensland,Newspaper and book retailing,2002-06,28409,A3349348C,45.9
Queensland,Newspaper and book retailing,2002-07,28410,A3349348C,51.6
Queensland,Newspaper and book retailing,2002-08,28411,A3349348C,58.3
Queensland,Newspaper and book retailing,2002-09,28412,A3349348C,58.3
Queensland,Newspaper and book retailing,2002-10,28413,A3349348C,57.3
Queensland,Newspaper and book retailing,2002-11,28414,A3349348C,55.7
Queensland,Newspaper and book retailing,2002-12,28415,A3349348C,70.4
Queensland,Newspaper and book retailing,2003-01,28416,A3349348C,59.1
Queensland,Newspaper and book retailing,2003-02,28417,A3349348C,46.4
Queensland,Newspaper and book retailing,2003-03,28418,A3349348C,47.9
Queensland,Newspaper and book retailing,2003-04,28419,A3349348C,47.1
Queensland,Newspaper and book retailing,2003-05,28420,A3349348C,51.0
Queensland,Newspaper and book retailing,2003-06,28421,A3349348C,51.8
Queensland,Newspaper and book retailing,2003-07,28422,A3349348C,63.6
Queensland,Newspaper and book retailing,2003-08,28423,A3349348C,65.5
Queensland,Newspaper and book retailing,2003-09,28424,A3349348C,66.2
Queensland,Newspaper and book retailing,2003-10,28425,A3349348C,73.0
Queensland,Newspaper and book retailing,2003-11,28426,A3349348C,73.1
Queensland,Newspaper and book retailing,2003-12,28427,A3349348C,95.5
Queensland,Newspaper and book retailing,2004-01,28428,A3349348C,75.8
Queensland,Newspaper and book retailing,2004-02,28429,A3349348C,65.4
Queensland,Newspaper and book retailing,2004-03,28430,A3349348C,65.7
Queensland,Newspaper and book retailing,2004-04,28431,A3349348C,70.1
Queensland,Newspaper and book retailing,2004-05,28432,A3349348C,73.2
Queensland,Newspaper and book retailing,2004-06,28433,A3349348C,72.7
Queensland,Newspaper and book retailing,2004-07,28434,A3349348C,80.1
Queensland,Newspaper and book retailing,2004-08,28435,A3349348C,79.1
Queensland,Newspaper and book retailing,2004-09,28436,A3349348C,76.3
Queensland,Newspaper and book retailing,2004-10,28437,A3349348C,78.1
Queensland,Newspaper and book retailing,2004-11,28438,A3349348C,76.9
Queensland,Newspaper and book retailing,2004-12,28439,A3349348C,103.0
Queensland,Newspaper and book retailing,2005-01,28440,A3349348C,85.1
Queensland,Newspaper and book retailing,2005-02,28441,A3349348C,79.5
Queensland,Newspaper and book retailing,2005-03,28442,A3349348C,78.3
Queensland,Newspaper and book retailing,2005-04,28443,A3349348C,78.6
Queensland,Newspaper and book retailing,2005-05,28444,A3349348C,81.5
Queensland,Newspaper and book retailing,2005-06,28445,A3349348C,76.8
Queensland,Newspaper and book retailing,2005-07,28446,A3349348C,81.2
Queensland,Newspaper and book retailing,2005-08,28447,A3349348C,83.3
Queensland,Newspaper and book retailing,2005-09,28448,A3349348C,82.6
Queensland,Newspaper and book retailing,2005-10,28449,A3349348C,75.6
Queensland,Newspaper and book retailing,2005-11,28450,A3349348C,79.4
Queensland,Newspaper and book retailing,2005-12,28451,A3349348C,97.5
Queensland,Newspaper and book retailing,2006-01,28452,A3349348C,77.3
Queensland,Newspaper and book retailing,2006-02,28453,A3349348C,70.7
Queensland,Newspaper and book retailing,2006-03,28454,A3349348C,69.7
Queensland,Newspaper and book retailing,2006-04,28455,A3349348C,69.8
Queensland,Newspaper and book retailing,2006-05,28456,A3349348C,69.1
Queensland,Newspaper and book retailing,2006-06,28457,A3349348C,68.9
Queensland,Newspaper and book retailing,2006-07,28458,A3349348C,72.4
Queensland,Newspaper and book retailing,2006-08,28459,A3349348C,74.6
Queensland,Newspaper and book retailing,2006-09,28460,A3349348C,73.8
Queensland,Newspaper and book retailing,2006-10,28461,A3349348C,82.6
Queensland,Newspaper and book retailing,2006-11,28462,A3349348C,88.2
Queensland,Newspaper and book retailing,2006-12,28463,A3349348C,111.0
Queensland,Newspaper and book retailing,2007-01,28464,A3349348C,77.0
Queensland,Newspaper and book retailing,2007-02,28465,A3349348C,74.8
Queensland,Newspaper and book retailing,2007-03,28466,A3349348C,77.8
Queensland,Newspaper and book retailing,2007-04,28467,A3349348C,75.6
Queensland,Newspaper and book retailing,2007-05,28468,A3349348C,81.7
Queensland,Newspaper and book retailing,2007-06,28469,A3349348C,79.3
Queensland,Newspaper and book retailing,2007-07,28470,A3349348C,82.5
Queensland,Newspaper and book retailing,2007-08,28471,A3349348C,78.6
Queensland,Newspaper and book retailing,2007-09,28472,A3349348C,71.8
Queensland,Newspaper and book retailing,2007-10,28473,A3349348C,91.3
Queensland,Newspaper and book retailing,2007-11,28474,A3349348C,97.6
Queensland,Newspaper and book retailing,2007-12,28475,A3349348C,112.8
Queensland,Newspaper and book retailing,2008-01,28476,A3349348C,102.8
Queensland,Newspaper and book retailing,2008-02,28477,A3349348C,99.8
Queensland,Newspaper and book retailing,2008-03,28478,A3349348C,95.9
Queensland,Newspaper and book retailing,2008-04,28479,A3349348C,93.2
Queensland,Newspaper and book retailing,2008-05,28480,A3349348C,102.6
Queensland,Newspaper and book retailing,2008-06,28481,A3349348C,95.7
Queensland,Newspaper and book retailing,2008-07,28482,A3349348C,112.0
Queensland,Newspaper and book retailing,2008-08,28483,A3349348C,111.6
Queensland,Newspaper and book retailing,2008-09,28484,A3349348C,108.3
Queensland,Newspaper and book retailing,2008-10,28485,A3349348C,111.2
Queensland,Newspaper and book retailing,2008-11,28486,A3349348C,112.4
Queensland,Newspaper and book retailing,2008-12,28487,A3349348C,145.3
Queensland,Newspaper and book retailing,2009-01,28488,A3349348C,105.0
Queensland,Newspaper and book retailing,2009-02,28489,A3349348C,96.3
Queensland,Newspaper and book retailing,2009-03,28490,A3349348C,97.2
Queensland,Newspaper and book retailing,2009-04,28491,A3349348C,84.8
Queensland,Newspaper and book retailing,2009-05,28492,A3349348C,90.9
Queensland,Newspaper and book retailing,2009-06,28493,A3349348C,89.3
Queensland,Newspaper and book retailing,2009-07,28494,A3349348C,83.3
Queensland,Newspaper and book retailing,2009-08,28495,A3349348C,82.5
Queensland,Newspaper and book retailing,2009-09,28496,A3349348C,82.1
Queensland,Newspaper and book retailing,2009-10,28497,A3349348C,92.0
Queensland,Newspaper and book retailing,2009-11,28498,A3349348C,87.4
Queensland,Newspaper and book retailing,2009-12,28499,A3349348C,119.5
Queensland,Newspaper and book retailing,2010-01,28500,A3349348C,113.4
Queensland,Newspaper and book retailing,2010-02,28501,A3349348C,90.4
Queensland,Newspaper and book retailing,2010-03,28502,A3349348C,92.0
Queensland,Newspaper and book retailing,2010-04,28503,A3349348C,81.1
Queensland,Newspaper and book retailing,2010-05,28504,A3349348C,84.2
Queensland,Newspaper and book retailing,2010-06,28505,A3349348C,79.2
Queensland,Newspaper and book retailing,2010-07,28506,A3349348C,78.7
Queensland,Newspaper and book retailing,2010-08,28507,A3349348C,82.4
Queensland,Newspaper and book retailing,2010-09,28508,A3349348C,75.9
Queensland,Newspaper and book retailing,2010-10,28509,A3349348C,79.2
Queensland,Newspaper and book retailing,2010-11,28510,A3349348C,82.2
Queensland,Newspaper and book retailing,2010-12,28511,A3349348C,108.3
Queensland,Newspaper and book retailing,2011-01,28512,A3349348C,83.2
Queensland,Newspaper and book retailing,2011-02,28513,A3349348C,73.1
Queensland,Newspaper and book retailing,2011-03,28514,A3349348C,77.7
Queensland,Newspaper and book retailing,2011-04,28515,A3349348C,71.5
Queensland,Newspaper and book retailing,2011-05,28516,A3349348C,74.8
Queensland,Newspaper and book retailing,2011-06,28517,A3349348C,66.0
Queensland,Newspaper and book retailing,2011-07,28518,A3349348C,77.5
Queensland,Newspaper and book retailing,2011-08,28519,A3349348C,80.4
Queensland,Newspaper and book retailing,2011-09,28520,A3349348C,72.4
Queensland,Newspaper and book retailing,2011-10,28521,A3349348C,68.5
Queensland,Newspaper and book retailing,2011-11,28522,A3349348C,70.2
Queensland,Newspaper and book retailing,2011-12,28523,A3349348C,91.2
Queensland,Newspaper and book retailing,2012-01,28524,A3349348C,94.7
Queensland,Newspaper and book retailing,2012-02,28525,A3349348C,85.7
Queensland,Newspaper and book retailing,2012-03,28526,A3349348C,89.3
Queensland,Newspaper and book retailing,2012-04,28527,A3349348C,79.8
Queensland,Newspaper and book retailing,2012-05,28528,A3349348C,89.2
Queensland,Newspaper and book retailing,2012-06,28529,A3349348C,81.7
Queensland,Newspaper and book retailing,2012-07,28530,A3349348C,81.6
Queensland,Newspaper and book retailing,2012-08,28531,A3349348C,84.0
Queensland,Newspaper and book retailing,2012-09,28532,A3349348C,81.4
Queensland,Newspaper and book retailing,2012-10,28533,A3349348C,81.6
Queensland,Newspaper and book retailing,2012-11,28534,A3349348C,83.6
Queensland,Newspaper and book retailing,2012-12,28535,A3349348C,97.8
Queensland,Newspaper and book retailing,2013-01,28536,A3349348C,84.0
Queensland,Newspaper and book retailing,2013-02,28537,A3349348C,74.5
Queensland,Newspaper and book retailing,2013-03,28538,A3349348C,72.4
Queensland,Newspaper and book retailing,2013-04,28539,A3349348C,72.9
Queensland,Newspaper and book retailing,2013-05,28540,A3349348C,70.6
Queensland,Newspaper and book retailing,2013-06,28541,A3349348C,71.1
Queensland,Newspaper and book retailing,2013-07,28542,A3349348C,73.5
Queensland,Newspaper and book retailing,2013-08,28543,A3349348C,74.2
Queensland,Newspaper and book retailing,2013-09,28544,A3349348C,68.0
Queensland,Newspaper and book retailing,2013-10,28545,A3349348C,68.4
Queensland,Newspaper and book retailing,2013-11,28546,A3349348C,70.9
Queensland,Newspaper and book retailing,2013-12,28547,A3349348C,91.9
Queensland,Newspaper and book retailing,2014-01,28548,A3349348C,75.1
Queensland,Newspaper and book retailing,2014-02,28549,A3349348C,65.5
Queensland,Newspaper and book retailing,2014-03,28550,A3349348C,70.9
Queensland,Newspaper and book retailing,2014-04,28551,A3349348C,58.2
Queensland,Newspaper and book retailing,2014-05,28552,A3349348C,64.5
Queensland,Newspaper and book retailing,2014-06,28553,A3349348C,59.7
Queensland,Newspaper and book retailing,2014-07,28554,A3349348C,68.9
Queensland,Newspaper and book retailing,2014-08,28555,A3349348C,79.5
Queensland,Newspaper and book retailing,2014-09,28556,A3349348C,67.3
Queensland,Newspaper and book retailing,2014-10,28557,A3349348C,73.4
Queensland,Newspaper and book retailing,2014-11,28558,A3349348C,70.4
Queensland,Newspaper and book retailing,2014-12,28559,A3349348C,85.8
Queensland,Newspaper and book retailing,2015-01,28560,A3349348C,72.3
Queensland,Newspaper and book retailing,2015-02,28561,A3349348C,65.0
Queensland,Newspaper and book retailing,2015-03,28562,A3349348C,69.6
Queensland,Newspaper and book retailing,2015-04,28563,A3349348C,63.2
Queensland,Newspaper and book retailing,2015-05,28564,A3349348C,67.2
Queensland,Newspaper and book retailing,2015-06,28565,A3349348C,61.7
Queensland,Newspaper and book retailing,2015-07,28566,A3349348C,63.0
Queensland,Newspaper and book retailing,2015-08,28567,A3349348C,63.1
Queensland,Newspaper and book retailing,2015-09,28568,A3349348C,61.0
Queensland,Newspaper and book retailing,2015-10,28569,A3349348C,61.2
Queensland,Newspaper and book retailing,2015-11,28570,A3349348C,60.9
Queensland,Newspaper and book retailing,2015-12,28571,A3349348C,76.7
Queensland,Newspaper and book retailing,2016-01,28572,A3349348C,63.5
Queensland,Newspaper and book retailing,2016-02,28573,A3349348C,52.2
Queensland,Newspaper and book retailing,2016-03,28574,A3349348C,53.9
Queensland,Newspaper and book retailing,2016-04,28575,A3349348C,47.7
Queensland,Newspaper and book retailing,2016-05,28576,A3349348C,45.8
Queensland,Newspaper and book retailing,2016-06,28577,A3349348C,49.2
Queensland,Newspaper and book retailing,2016-07,28578,A3349348C,53.6
Queensland,Newspaper and book retailing,2016-08,28579,A3349348C,56.6
Queensland,Newspaper and book retailing,2016-09,28580,A3349348C,52.5
Queensland,Newspaper and book retailing,2016-10,28581,A3349348C,53.7
Queensland,Newspaper and book retailing,2016-11,28582,A3349348C,55.8
Queensland,Newspaper and book retailing,2016-12,28583,A3349348C,70.7
Queensland,Newspaper and book retailing,2017-01,28584,A3349348C,60.2
Queensland,Newspaper and book retailing,2017-02,28585,A3349348C,51.4
Queensland,Newspaper and book retailing,2017-03,28586,A3349348C,56.7
Queensland,Newspaper and book retailing,2017-04,28587,A3349348C,52.1
Queensland,Newspaper and book retailing,2017-05,28588,A3349348C,50.8
Queensland,Newspaper and book retailing,2017-06,28589,A3349348C,50.2
Queensland,Newspaper and book retailing,2017-07,28590,A3349348C,53.2
Queensland,Newspaper and book retailing,2017-08,28591,A3349348C,56.0
Queensland,Newspaper and book retailing,2017-09,28592,A3349348C,53.1
Queensland,Newspaper and book retailing,2017-10,28593,A3349348C,49.1
Queensland,Newspaper and book retailing,2017-11,28594,A3349348C,50.7
Queensland,Newspaper and book retailing,2017-12,28595,A3349348C,65.5
Queensland,Newspaper and book retailing,2018-01,28596,A3349348C,51.9
Queensland,Newspaper and book retailing,2018-02,28597,A3349348C,45.2
Queensland,Newspaper and book retailing,2018-03,28598,A3349348C,44.2
Queensland,Newspaper and book retailing,2018-04,28599,A3349348C,43.9
Queensland,Newspaper and book retailing,2018-05,28600,A3349348C,45.1
Queensland,Newspaper and book retailing,2018-06,28601,A3349348C,41.3
Queensland,Newspaper and book retailing,2018-07,28602,A3349348C,46.5
Queensland,Newspaper and book retailing,2018-08,28603,A3349348C,55.8
Queensland,Newspaper and book retailing,2018-09,28604,A3349348C,49.1
Queensland,Newspaper and book retailing,2018-10,28605,A3349348C,50.2
Queensland,Newspaper and book retailing,2018-11,28606,A3349348C,56.0
Queensland,Newspaper and book retailing,2018-12,28607,A3349348C,68.6
South Australia,Newspaper and book retailing,1982-04,36686,A3349575C,8.1
South Australia,Newspaper and book retailing,1982-05,36687,A3349575C,7.5
South Australia,Newspaper and book retailing,1982-06,36688,A3349575C,6.7
South Australia,Newspaper and book retailing,1982-07,36689,A3349575C,7.8
South Australia,Newspaper and book retailing,1982-08,36690,A3349575C,7.9
South Australia,Newspaper and book retailing,1982-09,36691,A3349575C,7.8
South Australia,Newspaper and book retailing,1982-10,36692,A3349575C,7.6
South Australia,Newspaper and book retailing,1982-11,36693,A3349575C,8.8
South Australia,Newspaper and book retailing,1982-12,36694,A3349575C,12.9
South Australia,Newspaper and book retailing,1983-01,36695,A3349575C,8.0
South Australia,Newspaper and book retailing,1983-02,36696,A3349575C,8.9
South Australia,Newspaper and book retailing,1983-03,36697,A3349575C,9.8
South Australia,Newspaper and book retailing,1983-04,36698,A3349575C,10.5
South Australia,Newspaper and book retailing,1983-05,36699,A3349575C,11.4
South Australia,Newspaper and book retailing,1983-06,36700,A3349575C,11.3
South Australia,Newspaper and book retailing,1983-07,36701,A3349575C,8.3
South Australia,Newspaper and book retailing,1983-08,36702,A3349575C,9.0
South Australia,Newspaper and book retailing,1983-09,36703,A3349575C,9.1
South Australia,Newspaper and book retailing,1983-10,36704,A3349575C,8.4
South Australia,Newspaper and book retailing,1983-11,36705,A3349575C,9.2
South Australia,Newspaper and book retailing,1983-12,36706,A3349575C,12.9
South Australia,Newspaper and book retailing,1984-01,36707,A3349575C,8.7
South Australia,Newspaper and book retailing,1984-02,36708,A3349575C,9.3
South Australia,Newspaper and book retailing,1984-03,36709,A3349575C,10.4
South Australia,Newspaper and book retailing,1984-04,36710,A3349575C,8.4
South Australia,Newspaper and book retailing,1984-05,36711,A3349575C,9.2
South Australia,Newspaper and book retailing,1984-06,36712,A3349575C,9.2
South Australia,Newspaper and book retailing,1984-07,36713,A3349575C,9.2
South Australia,Newspaper and book retailing,1984-08,36714,A3349575C,9.2
South Australia,Newspaper and book retailing,1984-09,36715,A3349575C,8.9
South Australia,Newspaper and book retailing,1984-10,36716,A3349575C,8.6
South Australia,Newspaper and book retailing,1984-11,36717,A3349575C,8.9
South Australia,Newspaper and book retailing,1984-12,36718,A3349575C,8.9
South Australia,Newspaper and book retailing,1985-01,36719,A3349575C,9.3
South Australia,Newspaper and book retailing,1985-02,36720,A3349575C,9.2
South Australia,Newspaper and book retailing,1985-03,36721,A3349575C,9.9
South Australia,Newspaper and book retailing,1985-04,36722,A3349575C,9.0
South Australia,Newspaper and book retailing,1985-05,36723,A3349575C,10.8
South Australia,Newspaper and book retailing,1985-06,36724,A3349575C,10.5
South Australia,Newspaper and book retailing,1985-07,36725,A3349575C,10.7
South Australia,Newspaper and book retailing,1985-08,36726,A3349575C,10.9
South Australia,Newspaper and book retailing,1985-09,36727,A3349575C,9.9
South Australia,Newspaper and book retailing,1985-10,36728,A3349575C,11.6
South Australia,Newspaper and book retailing,1985-11,36729,A3349575C,11.9
South Australia,Newspaper and book retailing,1985-12,36730,A3349575C,13.3
South Australia,Newspaper and book retailing,1986-01,36731,A3349575C,10.8
South Australia,Newspaper and book retailing,1986-02,36732,A3349575C,11.5
South Australia,Newspaper and book retailing,1986-03,36733,A3349575C,11.0
South Australia,Newspaper and book retailing,1986-04,36734,A3349575C,9.6
South Australia,Newspaper and book retailing,1986-05,36735,A3349575C,10.8
South Australia,Newspaper and book retailing,1986-06,36736,A3349575C,10.3
South Australia,Newspaper and book retailing,1986-07,36737,A3349575C,11.6
South Australia,Newspaper and book retailing,1986-08,36738,A3349575C,11.6
South Australia,Newspaper and book retailing,1986-09,36739,A3349575C,11.1
South Australia,Newspaper and book retailing,1986-10,36740,A3349575C,10.3
South Australia,Newspaper and book retailing,1986-11,36741,A3349575C,10.3
South Australia,Newspaper and book retailing,1986-12,36742,A3349575C,11.6
South Australia,Newspaper and book retailing,1987-01,36743,A3349575C,8.7
South Australia,Newspaper and book retailing,1987-02,36744,A3349575C,9.7
South Australia,Newspaper and book retailing,1987-03,36745,A3349575C,10.6
South Australia,Newspaper and book retailing,1987-04,36746,A3349575C,10.8
South Australia,Newspaper and book retailing,1987-05,36747,A3349575C,10.9
South Australia,Newspaper and book retailing,1987-06,36748,A3349575C,10.6
South Australia,Newspaper and book retailing,1987-07,36749,A3349575C,10.6
South Australia,Newspaper and book retailing,1987-08,36750,A3349575C,10.9
South Australia,Newspaper and book retailing,1987-09,36751,A3349575C,10.9
South Australia,Newspaper and book retailing,1987-10,36752,A3349575C,10.0
South Australia,Newspaper and book retailing,1987-11,36753,A3349575C,10.5
South Australia,Newspaper and book retailing,1987-12,36754,A3349575C,12.9
South Australia,Newspaper and book retailing,1988-01,36755,A3349575C,8.7
South Australia,Newspaper and book retailing,1988-02,36756,A3349575C,10.8
South Australia,Newspaper and book retailing,1988-03,36757,A3349575C,12.1
South Australia,Newspaper and book retailing,1988-04,36758,A3349575C,9.4
South Australia,Newspaper and book retailing,1988-05,36759,A3349575C,10.5
South Australia,Newspaper and book retailing,1988-06,36760,A3349575C,10.3
South Australia,Newspaper and book retailing,1988-07,36761,A3349575C,10.8
South Australia,Newspaper and book retailing,1988-08,36762,A3349575C,10.9
South Australia,Newspaper and book retailing,1988-09,36763,A3349575C,11.0
South Australia,Newspaper and book retailing,1988-10,36764,A3349575C,11.7
South Australia,Newspaper and book retailing,1988-11,36765,A3349575C,12.4
South Australia,Newspaper and book retailing,1988-12,36766,A3349575C,15.8
South Australia,Newspaper and book retailing,1989-01,36767,A3349575C,11.1
South Australia,Newspaper and book retailing,1989-02,36768,A3349575C,11.3
South Australia,Newspaper and book retailing,1989-03,36769,A3349575C,12.2
South Australia,Newspaper and book retailing,1989-04,36770,A3349575C,10.7
South Australia,Newspaper and book retailing,1989-05,36771,A3349575C,11.6
South Australia,Newspaper and book retailing,1989-06,36772,A3349575C,11.1
South Australia,Newspaper and book retailing,1989-07,36773,A3349575C,11.3
South Australia,Newspaper and book retailing,1989-08,36774,A3349575C,12.0
South Australia,Newspaper and book retailing,1989-09,36775,A3349575C,11.4
South Australia,Newspaper and book retailing,1989-10,36776,A3349575C,11.0
South Australia,Newspaper and book retailing,1989-11,36777,A3349575C,11.9
South Australia,Newspaper and book retailing,1989-12,36778,A3349575C,17.4
South Australia,Newspaper and book retailing,1990-01,36779,A3349575C,12.9
South Australia,Newspaper and book retailing,1990-02,36780,A3349575C,12.2
South Australia,Newspaper and book retailing,1990-03,36781,A3349575C,14.6
South Australia,Newspaper and book retailing,1990-04,36782,A3349575C,12.0
South Australia,Newspaper and book retailing,1990-05,36783,A3349575C,13.6
South Australia,Newspaper and book retailing,1990-06,36784,A3349575C,13.2
South Australia,Newspaper and book retailing,1990-07,36785,A3349575C,14.0
South Australia,Newspaper and book retailing,1990-08,36786,A3349575C,14.5
South Australia,Newspaper and book retailing,1990-09,36787,A3349575C,12.2
South Australia,Newspaper and book retailing,1990-10,36788,A3349575C,12.8
South Australia,Newspaper and book retailing,1990-11,36789,A3349575C,15.5
South Australia,Newspaper and book retailing,1990-12,36790,A3349575C,19.3
South Australia,Newspaper and book retailing,1991-01,36791,A3349575C,12.4
South Australia,Newspaper and book retailing,1991-02,36792,A3349575C,12.6
South Australia,Newspaper and book retailing,1991-03,36793,A3349575C,14.9
South Australia,Newspaper and book retailing,1991-04,36794,A3349575C,12.0
South Australia,Newspaper and book retailing,1991-05,36795,A3349575C,13.4
South Australia,Newspaper and book retailing,1991-06,36796,A3349575C,11.3
South Australia,Newspaper and book retailing,1991-07,36797,A3349575C,11.5
South Australia,Newspaper and book retailing,1991-08,36798,A3349575C,12.2
South Australia,Newspaper and book retailing,1991-09,36799,A3349575C,11.4
South Australia,Newspaper and book retailing,1991-10,36800,A3349575C,11.5
South Australia,Newspaper and book retailing,1991-11,36801,A3349575C,12.0
South Australia,Newspaper and book retailing,1991-12,36802,A3349575C,14.4
South Australia,Newspaper and book retailing,1992-01,36803,A3349575C,11.6
South Australia,Newspaper and book retailing,1992-02,36804,A3349575C,11.7
South Australia,Newspaper and book retailing,1992-03,36805,A3349575C,12.6
South Australia,Newspaper and book retailing,1992-04,36806,A3349575C,10.9
South Australia,Newspaper and book retailing,1992-05,36807,A3349575C,11.4
South Australia,Newspaper and book retailing,1992-06,36808,A3349575C,10.4
South Australia,Newspaper and book retailing,1992-07,36809,A3349575C,12.3
South Australia,Newspaper and book retailing,1992-08,36810,A3349575C,12.1
South Australia,Newspaper and book retailing,1992-09,36811,A3349575C,10.3
South Australia,Newspaper and book retailing,1992-10,36812,A3349575C,10.2
South Australia,Newspaper and book retailing,1992-11,36813,A3349575C,10.3
South Australia,Newspaper and book retailing,1992-12,36814,A3349575C,16.9
South Australia,Newspaper and book retailing,1993-01,36815,A3349575C,10.7
South Australia,Newspaper and book retailing,1993-02,36816,A3349575C,10.0
South Australia,Newspaper and book retailing,1993-03,36817,A3349575C,14.8
South Australia,Newspaper and book retailing,1993-04,36818,A3349575C,12.8
South Australia,Newspaper and book retailing,1993-05,36819,A3349575C,13.4
South Australia,Newspaper and book retailing,1993-06,36820,A3349575C,14.4
South Australia,Newspaper and book retailing,1993-07,36821,A3349575C,16.6
South Australia,Newspaper and book retailing,1993-08,36822,A3349575C,15.7
South Australia,Newspaper and book retailing,1993-09,36823,A3349575C,16.5
South Australia,Newspaper and book retailing,1993-10,36824,A3349575C,16.1
South Australia,Newspaper and book retailing,1993-11,36825,A3349575C,17.0
South Australia,Newspaper and book retailing,1993-12,36826,A3349575C,21.5
South Australia,Newspaper and book retailing,1994-01,36827,A3349575C,15.5
South Australia,Newspaper and book retailing,1994-02,36828,A3349575C,16.7
South Australia,Newspaper and book retailing,1994-03,36829,A3349575C,16.9
South Australia,Newspaper and book retailing,1994-04,36830,A3349575C,14.2
South Australia,Newspaper and book retailing,1994-05,36831,A3349575C,14.9
South Australia,Newspaper and book retailing,1994-06,36832,A3349575C,14.8
South Australia,Newspaper and book retailing,1994-07,36833,A3349575C,15.2
South Australia,Newspaper and book retailing,1994-08,36834,A3349575C,15.2
South Australia,Newspaper and book retailing,1994-09,36835,A3349575C,12.4
South Australia,Newspaper and book retailing,1994-10,36836,A3349575C,12.5
South Australia,Newspaper and book retailing,1994-11,36837,A3349575C,14.5
South Australia,Newspaper and book retailing,1994-12,36838,A3349575C,20.8
South Australia,Newspaper and book retailing,1995-01,36839,A3349575C,14.3
South Australia,Newspaper and book retailing,1995-02,36840,A3349575C,15.1
South Australia,Newspaper and book retailing,1995-03,36841,A3349575C,16.0
South Australia,Newspaper and book retailing,1995-04,36842,A3349575C,14.5
South Australia,Newspaper and book retailing,1995-05,36843,A3349575C,16.4
South Australia,Newspaper and book retailing,1995-06,36844,A3349575C,15.1
South Australia,Newspaper and book retailing,1995-07,36845,A3349575C,16.2
South Australia,Newspaper and book retailing,1995-08,36846,A3349575C,17.3
South Australia,Newspaper and book retailing,1995-09,36847,A3349575C,15.9
South Australia,Newspaper and book retailing,1995-10,36848,A3349575C,16.1
South Australia,Newspaper and book retailing,1995-11,36849,A3349575C,18.2
South Australia,Newspaper and book retailing,1995-12,36850,A3349575C,24.7
South Australia,Newspaper and book retailing,1996-01,36851,A3349575C,17.9
South Australia,Newspaper and book retailing,1996-02,36852,A3349575C,17.7
South Australia,Newspaper and book retailing,1996-03,36853,A3349575C,18.6
South Australia,Newspaper and book retailing,1996-04,36854,A3349575C,16.3
South Australia,Newspaper and book retailing,1996-05,36855,A3349575C,16.7
South Australia,Newspaper and book retailing,1996-06,36856,A3349575C,15.4
South Australia,Newspaper and book retailing,1996-07,36857,A3349575C,18.1
South Australia,Newspaper and book retailing,1996-08,36858,A3349575C,17.7
South Australia,Newspaper and book retailing,1996-09,36859,A3349575C,16.2
South Australia,Newspaper and book retailing,1996-10,36860,A3349575C,17.9
South Australia,Newspaper and book retailing,1996-11,36861,A3349575C,18.4
South Australia,Newspaper and book retailing,1996-12,36862,A3349575C,22.9
South Australia,Newspaper and book retailing,1997-01,36863,A3349575C,14.8
South Australia,Newspaper and book retailing,1997-02,36864,A3349575C,13.7
South Australia,Newspaper and book retailing,1997-03,36865,A3349575C,15.6
South Australia,Newspaper and book retailing,1997-04,36866,A3349575C,14.9
South Australia,Newspaper and book retailing,1997-05,36867,A3349575C,15.7
South Australia,Newspaper and book retailing,1997-06,36868,A3349575C,14.5
South Australia,Newspaper and book retailing,1997-07,36869,A3349575C,16.0
South Australia,Newspaper and book retailing,1997-08,36870,A3349575C,16.3
South Australia,Newspaper and book retailing,1997-09,36871,A3349575C,15.9
South Australia,Newspaper and book retailing,1997-10,36872,A3349575C,14.7
South Australia,Newspaper and book retailing,1997-11,36873,A3349575C,14.5
South Australia,Newspaper and book retailing,1997-12,36874,A3349575C,18.4
South Australia,Newspaper and book retailing,1998-01,36875,A3349575C,15.2
South Australia,Newspaper and book retailing,1998-02,36876,A3349575C,13.9
South Australia,Newspaper and book retailing,1998-03,36877,A3349575C,16.1
South Australia,Newspaper and book retailing,1998-04,36878,A3349575C,14.0
South Australia,Newspaper and book retailing,1998-05,36879,A3349575C,15.1
South Australia,Newspaper and book retailing,1998-06,36880,A3349575C,15.7
South Australia,Newspaper and book retailing,1998-07,36881,A3349575C,15.7
South Australia,Newspaper and book retailing,1998-08,36882,A3349575C,15.5
South Australia,Newspaper and book retailing,1998-09,36883,A3349575C,15.2
South Australia,Newspaper and book retailing,1998-10,36884,A3349575C,15.9
South Australia,Newspaper and book retailing,1998-11,36885,A3349575C,15.4
South Australia,Newspaper and book retailing,1998-12,36886,A3349575C,19.8
South Australia,Newspaper and book retailing,1999-01,36887,A3349575C,16.0
South Australia,Newspaper and book retailing,1999-02,36888,A3349575C,15.8
South Australia,Newspaper and book retailing,1999-03,36889,A3349575C,18.4
South Australia,Newspaper and book retailing,1999-04,36890,A3349575C,14.9
South Australia,Newspaper and book retailing,1999-05,36891,A3349575C,14.5
South Australia,Newspaper and book retailing,1999-06,36892,A3349575C,14.5
South Australia,Newspaper and book retailing,1999-07,36893,A3349575C,16.0
South Australia,Newspaper and book retailing,1999-08,36894,A3349575C,15.8
South Australia,Newspaper and book retailing,1999-09,36895,A3349575C,16.2
South Australia,Newspaper and book retailing,1999-10,36896,A3349575C,16.0
South Australia,Newspaper and book retailing,1999-11,36897,A3349575C,19.6
South Australia,Newspaper and book retailing,1999-12,36898,A3349575C,28.5
South Australia,Newspaper and book retailing,2000-01,36899,A3349575C,14.9
South Australia,Newspaper and book retailing,2000-02,36900,A3349575C,16.2
South Australia,Newspaper and book retailing,2000-03,36901,A3349575C,18.7
South Australia,Newspaper and book retailing,2000-04,36902,A3349575C,13.8
South Australia,Newspaper and book retailing,2000-05,36903,A3349575C,13.7
South Australia,Newspaper and book retailing,2000-06,36904,A3349575C,13.8
South Australia,Newspaper and book retailing,2000-07,36905,A3349575C,14.6
South Australia,Newspaper and book retailing,2000-08,36906,A3349575C,14.9
South Australia,Newspaper and book retailing,2000-09,36907,A3349575C,13.4
South Australia,Newspaper and book retailing,2000-10,36908,A3349575C,14.1
South Australia,Newspaper and book retailing,2000-11,36909,A3349575C,15.7
South Australia,Newspaper and book retailing,2000-12,36910,A3349575C,19.9
South Australia,Newspaper and book retailing,2001-01,36911,A3349575C,12.7
South Australia,Newspaper and book retailing,2001-02,36912,A3349575C,13.4
South Australia,Newspaper and book retailing,2001-03,36913,A3349575C,14.8
South Australia,Newspaper and book retailing,2001-04,36914,A3349575C,12.7
South Australia,Newspaper and book retailing,2001-05,36915,A3349575C,13.8
South Australia,Newspaper and book retailing,2001-06,36916,A3349575C,13.5
South Australia,Newspaper and book retailing,2001-07,36917,A3349575C,16.1
South Australia,Newspaper and book retailing,2001-08,36918,A3349575C,15.8
South Australia,Newspaper and book retailing,2001-09,36919,A3349575C,13.1
South Australia,Newspaper and book retailing,2001-10,36920,A3349575C,13.3
South Australia,Newspaper and book retailing,2001-11,36921,A3349575C,14.3
South Australia,Newspaper and book retailing,2001-12,36922,A3349575C,19.3
South Australia,Newspaper and book retailing,2002-01,36923,A3349575C,16.5
South Australia,Newspaper and book retailing,2002-02,36924,A3349575C,16.7
South Australia,Newspaper and book retailing,2002-03,36925,A3349575C,19.7
South Australia,Newspaper and book retailing,2002-04,36926,A3349575C,14.1
South Australia,Newspaper and book retailing,2002-05,36927,A3349575C,14.9
South Australia,Newspaper and book retailing,2002-06,36928,A3349575C,13.8
South Australia,Newspaper and book retailing,2002-07,36929,A3349575C,18.7
South Australia,Newspaper and book retailing,2002-08,36930,A3349575C,22.3
South Australia,Newspaper and book retailing,2002-09,36931,A3349575C,18.9
South Australia,Newspaper and book retailing,2002-10,36932,A3349575C,19.3
South Australia,Newspaper and book retailing,2002-11,36933,A3349575C,18.8
South Australia,Newspaper and book retailing,2002-12,36934,A3349575C,26.0
South Australia,Newspaper and book retailing,2003-01,36935,A3349575C,21.1
South Australia,Newspaper and book retailing,2003-02,36936,A3349575C,20.8
South Australia,Newspaper and book retailing,2003-03,36937,A3349575C,23.2
South Australia,Newspaper and book retailing,2003-04,36938,A3349575C,20.3
South Australia,Newspaper and book retailing,2003-05,36939,A3349575C,22.7
South Australia,Newspaper and book retailing,2003-06,36940,A3349575C,19.5
South Australia,Newspaper and book retailing,2003-07,36941,A3349575C,20.0
South Australia,Newspaper and book retailing,2003-08,36942,A3349575C,18.8
South Australia,Newspaper and book retailing,2003-09,36943,A3349575C,19.1
South Australia,Newspaper and book retailing,2003-10,36944,A3349575C,21.1
South Australia,Newspaper and book retailing,2003-11,36945,A3349575C,21.5
South Australia,Newspaper and book retailing,2003-12,36946,A3349575C,33.5
South Australia,Newspaper and book retailing,2004-01,36947,A3349575C,25.2
South Australia,Newspaper and book retailing,2004-02,36948,A3349575C,24.3
South Australia,Newspaper and book retailing,2004-03,36949,A3349575C,26.6
South Australia,Newspaper and book retailing,2004-04,36950,A3349575C,26.7
South Australia,Newspaper and book retailing,2004-05,36951,A3349575C,25.6
South Australia,Newspaper and book retailing,2004-06,36952,A3349575C,24.4
South Australia,Newspaper and book retailing,2004-07,36953,A3349575C,30.1
South Australia,Newspaper and book retailing,2004-08,36954,A3349575C,27.5
South Australia,Newspaper and book retailing,2004-09,36955,A3349575C,26.4
South Australia,Newspaper and book retailing,2004-10,36956,A3349575C,26.6
South Australia,Newspaper and book retailing,2004-11,36957,A3349575C,28.4
South Australia,Newspaper and book retailing,2004-12,36958,A3349575C,44.9
South Australia,Newspaper and book retailing,2005-01,36959,A3349575C,26.4
South Australia,Newspaper and book retailing,2005-02,36960,A3349575C,29.4
South Australia,Newspaper and book retailing,2005-03,36961,A3349575C,30.6
South Australia,Newspaper and book retailing,2005-04,36962,A3349575C,28.6
South Australia,Newspaper and book retailing,2005-05,36963,A3349575C,28.3
South Australia,Newspaper and book retailing,2005-06,36964,A3349575C,28.0
South Australia,Newspaper and book retailing,2005-07,36965,A3349575C,34.9
South Australia,Newspaper and book retailing,2005-08,36966,A3349575C,29.1
South Australia,Newspaper and book retailing,2005-09,36967,A3349575C,28.3
South Australia,Newspaper and book retailing,2005-10,36968,A3349575C,27.4
South Australia,Newspaper and book retailing,2005-11,36969,A3349575C,29.3
South Australia,Newspaper and book retailing,2005-12,36970,A3349575C,42.3
South Australia,Newspaper and book retailing,2006-01,36971,A3349575C,28.5
South Australia,Newspaper and book retailing,2006-02,36972,A3349575C,30.7
South Australia,Newspaper and book retailing,2006-03,36973,A3349575C,33.0
South Australia,Newspaper and book retailing,2006-04,36974,A3349575C,28.8
South Australia,Newspaper and book retailing,2006-05,36975,A3349575C,29.7
South Australia,Newspaper and book retailing,2006-06,36976,A3349575C,29.2
South Australia,Newspaper and book retailing,2006-07,36977,A3349575C,29.3
South Australia,Newspaper and book retailing,2006-08,36978,A3349575C,30.0
South Australia,Newspaper and book retailing,2006-09,36979,A3349575C,25.5
South Australia,Newspaper and book retailing,2006-10,36980,A3349575C,25.9
South Australia,Newspaper and book retailing,2006-11,36981,A3349575C,27.7
South Australia,Newspaper and book retailing,2006-12,36982,A3349575C,39.5
South Australia,Newspaper and book retailing,2007-01,36983,A3349575C,23.7
South Australia,Newspaper and book retailing,2007-02,36984,A3349575C,26.9
South Australia,Newspaper and book retailing,2007-03,36985,A3349575C,27.8
South Australia,Newspaper and book retailing,2007-04,36986,A3349575C,22.1
South Australia,Newspaper and book retailing,2007-05,36987,A3349575C,23.5
South Australia,Newspaper and book retailing,2007-06,36988,A3349575C,22.0
South Australia,Newspaper and book retailing,2007-07,36989,A3349575C,27.1
South Australia,Newspaper and book retailing,2007-08,36990,A3349575C,24.6
South Australia,Newspaper and book retailing,2007-09,36991,A3349575C,20.5
South Australia,Newspaper and book retailing,2007-10,36992,A3349575C,18.0
South Australia,Newspaper and book retailing,2007-11,36993,A3349575C,19.1
South Australia,Newspaper and book retailing,2007-12,36994,A3349575C,28.7
South Australia,Newspaper and book retailing,2008-01,36995,A3349575C,20.8
South Australia,Newspaper and book retailing,2008-02,36996,A3349575C,22.4
South Australia,Newspaper and book retailing,2008-03,36997,A3349575C,22.5
South Australia,Newspaper and book retailing,2008-04,36998,A3349575C,16.9
South Australia,Newspaper and book retailing,2008-05,36999,A3349575C,17.8
South Australia,Newspaper and book retailing,2008-06,37000,A3349575C,16.0
South Australia,Newspaper and book retailing,2008-07,37001,A3349575C,19.1
South Australia,Newspaper and book retailing,2008-08,37002,A3349575C,18.2
South Australia,Newspaper and book retailing,2008-09,37003,A3349575C,15.9
South Australia,Newspaper and book retailing,2008-10,37004,A3349575C,16.3
South Australia,Newspaper and book retailing,2008-11,37005,A3349575C,15.7
South Australia,Newspaper and book retailing,2008-12,37006,A3349575C,24.7
South Australia,Newspaper and book retailing,2009-01,37007,A3349575C,15.5
South Australia,Newspaper and book retailing,2009-02,37008,A3349575C,17.4
South Australia,Newspaper and book retailing,2009-03,37009,A3349575C,19.8
South Australia,Newspaper and book retailing,2009-04,37010,A3349575C,18.1
South Australia,Newspaper and book retailing,2009-05,37011,A3349575C,18.3
South Australia,Newspaper and book retailing,2009-06,37012,A3349575C,17.7
South Australia,Newspaper and book retailing,2009-07,37013,A3349575C,25.0
South Australia,Newspaper and book retailing,2009-08,37014,A3349575C,23.8
South Australia,Newspaper and book retailing,2009-09,37015,A3349575C,24.6
South Australia,Newspaper and book retailing,2009-10,37016,A3349575C,20.1
South Australia,Newspaper and book retailing,2009-11,37017,A3349575C,23.0
South Australia,Newspaper and book retailing,2009-12,37018,A3349575C,34.4
South Australia,Newspaper and book retailing,2010-01,37019,A3349575C,30.7
South Australia,Newspaper and book retailing,2010-02,37020,A3349575C,26.5
South Australia,Newspaper and book retailing,2010-03,37021,A3349575C,30.6
South Australia,Newspaper and book retailing,2010-04,37022,A3349575C,25.4
South Australia,Newspaper and book retailing,2010-05,37023,A3349575C,23.1
South Australia,Newspaper and book retailing,2010-06,37024,A3349575C,22.0
South Australia,Newspaper and book retailing,2010-07,37025,A3349575C,23.3
South Australia,Newspaper and book retailing,2010-08,37026,A3349575C,24.1
South Australia,Newspaper and book retailing,2010-09,37027,A3349575C,22.7
South Australia,Newspaper and book retailing,2010-10,37028,A3349575C,22.7
South Australia,Newspaper and book retailing,2010-11,37029,A3349575C,25.4
South Australia,Newspaper and book retailing,2010-12,37030,A3349575C,38.6
South Australia,Newspaper and book retailing,2011-01,37031,A3349575C,27.1
South Australia,Newspaper and book retailing,2011-02,37032,A3349575C,24.1
South Australia,Newspaper and book retailing,2011-03,37033,A3349575C,26.8
South Australia,Newspaper and book retailing,2011-04,37034,A3349575C,21.0
South Australia,Newspaper and book retailing,2011-05,37035,A3349575C,22.9
South Australia,Newspaper and book retailing,2011-06,37036,A3349575C,20.0
South Australia,Newspaper and book retailing,2011-07,37037,A3349575C,22.7
South Australia,Newspaper and book retailing,2011-08,37038,A3349575C,22.3
South Australia,Newspaper and book retailing,2011-09,37039,A3349575C,20.0
South Australia,Newspaper and book retailing,2011-10,37040,A3349575C,22.4
South Australia,Newspaper and book retailing,2011-11,37041,A3349575C,25.0
South Australia,Newspaper and book retailing,2011-12,37042,A3349575C,35.9
South Australia,Newspaper and book retailing,2012-01,37043,A3349575C,20.2
South Australia,Newspaper and book retailing,2012-02,37044,A3349575C,21.4
South Australia,Newspaper and book retailing,2012-03,37045,A3349575C,21.3
South Australia,Newspaper and book retailing,2012-04,37046,A3349575C,16.9
South Australia,Newspaper and book retailing,2012-05,37047,A3349575C,18.6
South Australia,Newspaper and book retailing,2012-06,37048,A3349575C,15.7
South Australia,Newspaper and book retailing,2012-07,37049,A3349575C,16.3
South Australia,Newspaper and book retailing,2012-08,37050,A3349575C,15.7
South Australia,Newspaper and book retailing,2012-09,37051,A3349575C,13.5
South Australia,Newspaper and book retailing,2012-10,37052,A3349575C,19.2
South Australia,Newspaper and book retailing,2012-11,37053,A3349575C,19.7
South Australia,Newspaper and book retailing,2012-12,37054,A3349575C,27.1
South Australia,Newspaper and book retailing,2013-01,37055,A3349575C,22.1
South Australia,Newspaper and book retailing,2013-02,37056,A3349575C,22.4
South Australia,Newspaper and book retailing,2013-03,37057,A3349575C,24.8
South Australia,Newspaper and book retailing,2013-04,37058,A3349575C,19.1
South Australia,Newspaper and book retailing,2013-05,37059,A3349575C,21.5
South Australia,Newspaper and book retailing,2013-06,37060,A3349575C,18.5
South Australia,Newspaper and book retailing,2013-07,37061,A3349575C,21.7
South Australia,Newspaper and book retailing,2013-08,37062,A3349575C,23.8
South Australia,Newspaper and book retailing,2013-09,37063,A3349575C,21.2
South Australia,Newspaper and book retailing,2013-10,37064,A3349575C,19.2
South Australia,Newspaper and book retailing,2013-11,37065,A3349575C,18.8
South Australia,Newspaper and book retailing,2013-12,37066,A3349575C,19.7
South Australia,Newspaper and book retailing,2014-01,37067,A3349575C,14.9
South Australia,Newspaper and book retailing,2014-02,37068,A3349575C,16.6
South Australia,Newspaper and book retailing,2014-03,37069,A3349575C,19.4
South Australia,Newspaper and book retailing,2014-04,37070,A3349575C,14.1
South Australia,Newspaper and book retailing,2014-05,37071,A3349575C,15.3
South Australia,Newspaper and book retailing,2014-06,37072,A3349575C,13.7
South Australia,Newspaper and book retailing,2014-07,37073,A3349575C,14.9
South Australia,Newspaper and book retailing,2014-08,37074,A3349575C,16.0
South Australia,Newspaper and book retailing,2014-09,37075,A3349575C,14.7
South Australia,Newspaper and book retailing,2014-10,37076,A3349575C,16.3
South Australia,Newspaper and book retailing,2014-11,37077,A3349575C,18.0
South Australia,Newspaper and book retailing,2014-12,37078,A3349575C,22.4
South Australia,Newspaper and book retailing,2015-01,37079,A3349575C,13.5
South Australia,Newspaper and book retailing,2015-02,37080,A3349575C,14.3
South Australia,Newspaper and book retailing,2015-03,37081,A3349575C,16.8
South Australia,Newspaper and book retailing,2015-04,37082,A3349575C,11.7
South Australia,Newspaper and book retailing,2015-05,37083,A3349575C,11.0
South Australia,Newspaper and book retailing,2015-06,37084,A3349575C,9.7
South Australia,Newspaper and book retailing,2015-07,37085,A3349575C,12.7
South Australia,Newspaper and book retailing,2015-08,37086,A3349575C,11.9
South Australia,Newspaper and book retailing,2015-09,37087,A3349575C,12.4
South Australia,Newspaper and book retailing,2015-10,37088,A3349575C,13.1
South Australia,Newspaper and book retailing,2015-11,37089,A3349575C,14.3
South Australia,Newspaper and book retailing,2015-12,37090,A3349575C,18.3
South Australia,Newspaper and book retailing,2016-01,37091,A3349575C,11.0
South Australia,Newspaper and book retailing,2016-02,37092,A3349575C,12.0
South Australia,Newspaper and book retailing,2016-03,37093,A3349575C,13.6
South Australia,Newspaper and book retailing,2016-04,37094,A3349575C,10.9
South Australia,Newspaper and book retailing,2016-05,37095,A3349575C,10.5
South Australia,Newspaper and book retailing,2016-06,37096,A3349575C,9.9
South Australia,Newspaper and book retailing,2016-07,37097,A3349575C,10.6
South Australia,Newspaper and book retailing,2016-08,37098,A3349575C,11.3
South Australia,Newspaper and book retailing,2016-09,37099,A3349575C,9.6
South Australia,Newspaper and book retailing,2016-10,37100,A3349575C,9.5
South Australia,Newspaper and book retailing,2016-11,37101,A3349575C,10.2
South Australia,Newspaper and book retailing,2016-12,37102,A3349575C,14.2
South Australia,Newspaper and book retailing,2017-01,37103,A3349575C,9.3
South Australia,Newspaper and book retailing,2017-02,37104,A3349575C,9.8
South Australia,Newspaper and book retailing,2017-03,37105,A3349575C,11.3
South Australia,Newspaper and book retailing,2017-04,37106,A3349575C,9.7
South Australia,Newspaper and book retailing,2017-05,37107,A3349575C,10.2
South Australia,Newspaper and book retailing,2017-06,37108,A3349575C,9.7
South Australia,Newspaper and book retailing,2017-07,37109,A3349575C,10.3
South Australia,Newspaper and book retailing,2017-08,37110,A3349575C,10.6
South Australia,Newspaper and book retailing,2017-09,37111,A3349575C,9.8
South Australia,Newspaper and book retailing,2017-10,37112,A3349575C,9.6
South Australia,Newspaper and book retailing,2017-11,37113,A3349575C,10.5
South Australia,Newspaper and book retailing,2017-12,37114,A3349575C,14.8
South Australia,Newspaper and book retailing,2018-01,37115,A3349575C,10.9
South Australia,Newspaper and book retailing,2018-02,37116,A3349575C,10.8
South Australia,Newspaper and book retailing,2018-03,37117,A3349575C,11.1
South Australia,Newspaper and book retailing,2018-04,37118,A3349575C,9.5
South Australia,Newspaper and book retailing,2018-05,37119,A3349575C,9.4
South Australia,Newspaper and book retailing,2018-06,37120,A3349575C,8.9
South Australia,Newspaper and book retailing,2018-07,37121,A3349575C,10.8
South Australia,Newspaper and book retailing,2018-08,37122,A3349575C,11.0
South Australia,Newspaper and book retailing,2018-09,37123,A3349575C,9.9
South Australia,Newspaper and book retailing,2018-10,37124,A3349575C,10.9
South Australia,Newspaper and book retailing,2018-11,37125,A3349575C,10.8
South Australia,Newspaper and book retailing,2018-12,37126,A3349575C,14.3
Tasmania,Newspaper and book retailing,1982-04,44656,A3349442X,2.9
Tasmania,Newspaper and book retailing,1982-05,44657,A3349442X,2.9
Tasmania,Newspaper and book retailing,1982-06,44658,A3349442X,2.9
Tasmania,Newspaper and book retailing,1982-07,44659,A3349442X,3.1
Tasmania,Newspaper and book retailing,1982-08,44660,A3349442X,3.1
Tasmania,Newspaper and book retailing,1982-09,44661,A3349442X,3.2
Tasmania,Newspaper and book retailing,1982-10,44662,A3349442X,2.9
Tasmania,Newspaper and book retailing,1982-11,44663,A3349442X,3.1
Tasmania,Newspaper and book retailing,1982-12,44664,A3349442X,4.6
Tasmania,Newspaper and book retailing,1983-01,44665,A3349442X,2.9
Tasmania,Newspaper and book retailing,1983-02,44666,A3349442X,3.2
Tasmania,Newspaper and book retailing,1983-03,44667,A3349442X,3.5
Tasmania,Newspaper and book retailing,1983-04,44668,A3349442X,3.1
Tasmania,Newspaper and book retailing,1983-05,44669,A3349442X,3.1
Tasmania,Newspaper and book retailing,1983-06,44670,A3349442X,2.9
Tasmania,Newspaper and book retailing,1983-07,44671,A3349442X,2.9
Tasmania,Newspaper and book retailing,1983-08,44672,A3349442X,2.9
Tasmania,Newspaper and book retailing,1983-09,44673,A3349442X,2.9
Tasmania,Newspaper and book retailing,1983-10,44674,A3349442X,3.2
Tasmania,Newspaper and book retailing,1983-11,44675,A3349442X,3.4
Tasmania,Newspaper and book retailing,1983-12,44676,A3349442X,4.8
Tasmania,Newspaper and book retailing,1984-01,44677,A3349442X,3.4
Tasmania,Newspaper and book retailing,1984-02,44678,A3349442X,3.5
Tasmania,Newspaper and book retailing,1984-03,44679,A3349442X,3.6
Tasmania,Newspaper and book retailing,1984-04,44680,A3349442X,3.3
Tasmania,Newspaper and book retailing,1984-05,44681,A3349442X,4.0
Tasmania,Newspaper and book retailing,1984-06,44682,A3349442X,3.5
Tasmania,Newspaper and book retailing,1984-07,44683,A3349442X,3.5
Tasmania,Newspaper and book retailing,1984-08,44684,A3349442X,3.7
Tasmania,Newspaper and book retailing,1984-09,44685,A3349442X,3.2
Tasmania,Newspaper and book retailing,1984-10,44686,A3349442X,4.0
Tasmania,Newspaper and book retailing,1984-11,44687,A3349442X,4.0
Tasmania,Newspaper and book retailing,1984-12,44688,A3349442X,5.9
Tasmania,Newspaper and book retailing,1985-01,44689,A3349442X,4.0
Tasmania,Newspaper and book retailing,1985-02,44690,A3349442X,4.0
Tasmania,Newspaper and book retailing,1985-03,44691,A3349442X,4.0
Tasmania,Newspaper and book retailing,1985-04,44692,A3349442X,4.0
Tasmania,Newspaper and book retailing,1985-05,44693,A3349442X,4.3
Tasmania,Newspaper and book retailing,1985-06,44694,A3349442X,3.8
Tasmania,Newspaper and book retailing,1985-07,44695,A3349442X,3.3
Tasmania,Newspaper and book retailing,1985-08,44696,A3349442X,3.3
Tasmania,Newspaper and book retailing,1985-09,44697,A3349442X,3.4
Tasmania,Newspaper and book retailing,1985-10,44698,A3349442X,3.3
Tasmania,Newspaper and book retailing,1985-11,44699,A3349442X,3.5
Tasmania,Newspaper and book retailing,1985-12,44700,A3349442X,5.2
Tasmania,Newspaper and book retailing,1986-01,44701,A3349442X,3.8
Tasmania,Newspaper and book retailing,1986-02,44702,A3349442X,4.1
Tasmania,Newspaper and book retailing,1986-03,44703,A3349442X,4.1
Tasmania,Newspaper and book retailing,1986-04,44704,A3349442X,3.6
Tasmania,Newspaper and book retailing,1986-05,44705,A3349442X,4.0
Tasmania,Newspaper and book retailing,1986-06,44706,A3349442X,3.8
Tasmania,Newspaper and book retailing,1986-07,44707,A3349442X,4.4
Tasmania,Newspaper and book retailing,1986-08,44708,A3349442X,4.5
Tasmania,Newspaper and book retailing,1986-09,44709,A3349442X,4.0
Tasmania,Newspaper and book retailing,1986-10,44710,A3349442X,4.2
Tasmania,Newspaper and book retailing,1986-11,44711,A3349442X,4.2
Tasmania,Newspaper and book retailing,1986-12,44712,A3349442X,6.6
Tasmania,Newspaper and book retailing,1987-01,44713,A3349442X,4.4
Tasmania,Newspaper and book retailing,1987-02,44714,A3349442X,5.9
Tasmania,Newspaper and book retailing,1987-03,44715,A3349442X,5.3
Tasmania,Newspaper and book retailing,1987-04,44716,A3349442X,5.1
Tasmania,Newspaper and book retailing,1987-05,44717,A3349442X,5.1
Tasmania,Newspaper and book retailing,1987-06,44718,A3349442X,4.6
Tasmania,Newspaper and book retailing,1987-07,44719,A3349442X,5.5
Tasmania,Newspaper and book retailing,1987-08,44720,A3349442X,5.3
Tasmania,Newspaper and book retailing,1987-09,44721,A3349442X,5.4
Tasmania,Newspaper and book retailing,1987-10,44722,A3349442X,5.7
Tasmania,Newspaper and book retailing,1987-11,44723,A3349442X,5.7
Tasmania,Newspaper and book retailing,1987-12,44724,A3349442X,8.3
Tasmania,Newspaper and book retailing,1988-01,44725,A3349442X,5.5
Tasmania,Newspaper and book retailing,1988-02,44726,A3349442X,5.6
Tasmania,Newspaper and book retailing,1988-03,44727,A3349442X,6.2
Tasmania,Newspaper and book retailing,1988-04,44728,A3349442X,5.5
Tasmania,Newspaper and book retailing,1988-05,44729,A3349442X,5.6
Tasmania,Newspaper and book retailing,1988-06,44730,A3349442X,5.8
Tasmania,Newspaper and book retailing,1988-07,44731,A3349442X,5.4
Tasmania,Newspaper and book retailing,1988-08,44732,A3349442X,5.8
Tasmania,Newspaper and book retailing,1988-09,44733,A3349442X,6.2
Tasmania,Newspaper and book retailing,1988-10,44734,A3349442X,5.7
Tasmania,Newspaper and book retailing,1988-11,44735,A3349442X,6.2
Tasmania,Newspaper and book retailing,1988-12,44736,A3349442X,8.1
Tasmania,Newspaper and book retailing,1989-01,44737,A3349442X,5.3
Tasmania,Newspaper and book retailing,1989-02,44738,A3349442X,5.8
Tasmania,Newspaper and book retailing,1989-03,44739,A3349442X,6.1
Tasmania,Newspaper and book retailing,1989-04,44740,A3349442X,5.2
Tasmania,Newspaper and book retailing,1989-05,44741,A3349442X,5.6
Tasmania,Newspaper and book retailing,1989-06,44742,A3349442X,5.5
Tasmania,Newspaper and book retailing,1989-07,44743,A3349442X,5.3
Tasmania,Newspaper and book retailing,1989-08,44744,A3349442X,6.3
Tasmania,Newspaper and book retailing,1989-09,44745,A3349442X,6.2
Tasmania,Newspaper and book retailing,1989-10,44746,A3349442X,6.3
Tasmania,Newspaper and book retailing,1989-11,44747,A3349442X,7.0
Tasmania,Newspaper and book retailing,1989-12,44748,A3349442X,10.7
Tasmania,Newspaper and book retailing,1990-01,44749,A3349442X,7.6
Tasmania,Newspaper and book retailing,1990-02,44750,A3349442X,9.0
Tasmania,Newspaper and book retailing,1990-03,44751,A3349442X,9.6
Tasmania,Newspaper and book retailing,1990-04,44752,A3349442X,8.2
Tasmania,Newspaper and book retailing,1990-05,44753,A3349442X,9.0
Tasmania,Newspaper and book retailing,1990-06,44754,A3349442X,8.9
Tasmania,Newspaper and book retailing,1990-07,44755,A3349442X,8.6
Tasmania,Newspaper and book retailing,1990-08,44756,A3349442X,9.5
Tasmania,Newspaper and book retailing,1990-09,44757,A3349442X,8.5
Tasmania,Newspaper and book retailing,1990-10,44758,A3349442X,9.3
Tasmania,Newspaper and book retailing,1990-11,44759,A3349442X,9.8
Tasmania,Newspaper and book retailing,1990-12,44760,A3349442X,11.8
Tasmania,Newspaper and book retailing,1991-01,44761,A3349442X,7.8
Tasmania,Newspaper and book retailing,1991-02,44762,A3349442X,8.4
Tasmania,Newspaper and book retailing,1991-03,44763,A3349442X,8.6
Tasmania,Newspaper and book retailing,1991-04,44764,A3349442X,7.5
Tasmania,Newspaper and book retailing,1991-05,44765,A3349442X,8.7
Tasmania,Newspaper and book retailing,1991-06,44766,A3349442X,7.5
Tasmania,Newspaper and book retailing,1991-07,44767,A3349442X,9.2
Tasmania,Newspaper and book retailing,1991-08,44768,A3349442X,9.2
Tasmania,Newspaper and book retailing,1991-09,44769,A3349442X,9.5
Tasmania,Newspaper and book retailing,1991-10,44770,A3349442X,10.1
Tasmania,Newspaper and book retailing,1991-11,44771,A3349442X,10.6
Tasmania,Newspaper and book retailing,1991-12,44772,A3349442X,15.4
Tasmania,Newspaper and book retailing,1992-01,44773,A3349442X,10.6
Tasmania,Newspaper and book retailing,1992-02,44774,A3349442X,11.6
Tasmania,Newspaper and book retailing,1992-03,44775,A3349442X,11.3
Tasmania,Newspaper and book retailing,1992-04,44776,A3349442X,11.0
Tasmania,Newspaper and book retailing,1992-05,44777,A3349442X,12.2
Tasmania,Newspaper and book retailing,1992-06,44778,A3349442X,10.1
Tasmania,Newspaper and book retailing,1992-07,44779,A3349442X,11.4
Tasmania,Newspaper and book retailing,1992-08,44780,A3349442X,10.7
Tasmania,Newspaper and book retailing,1992-09,44781,A3349442X,10.2
Tasmania,Newspaper and book retailing,1992-10,44782,A3349442X,10.6
Tasmania,Newspaper and book retailing,1992-11,44783,A3349442X,10.9
Tasmania,Newspaper and book retailing,1992-12,44784,A3349442X,17.4
Tasmania,Newspaper and book retailing,1993-01,44785,A3349442X,11.4
Tasmania,Newspaper and book retailing,1993-02,44786,A3349442X,13.4
Tasmania,Newspaper and book retailing,1993-03,44787,A3349442X,11.7
Tasmania,Newspaper and book retailing,1993-04,44788,A3349442X,13.1
Tasmania,Newspaper and book retailing,1993-05,44789,A3349442X,11.5
Tasmania,Newspaper and book retailing,1993-06,44790,A3349442X,9.5
Tasmania,Newspaper and book retailing,1993-07,44791,A3349442X,11.2
Tasmania,Newspaper and book retailing,1993-08,44792,A3349442X,10.5
Tasmania,Newspaper and book retailing,1993-09,44793,A3349442X,10.2
Tasmania,Newspaper and book retailing,1993-10,44794,A3349442X,11.0
Tasmania,Newspaper and book retailing,1993-11,44795,A3349442X,10.9
Tasmania,Newspaper and book retailing,1993-12,44796,A3349442X,14.8
Tasmania,Newspaper and book retailing,1994-01,44797,A3349442X,10.2
Tasmania,Newspaper and book retailing,1994-02,44798,A3349442X,11.7
Tasmania,Newspaper and book retailing,1994-03,44799,A3349442X,11.3
Tasmania,Newspaper and book retailing,1994-04,44800,A3349442X,10.2
Tasmania,Newspaper and book retailing,1994-05,44801,A3349442X,11.1
Tasmania,Newspaper and book retailing,1994-06,44802,A3349442X,10.9
Tasmania,Newspaper and book retailing,1994-07,44803,A3349442X,9.9
Tasmania,Newspaper and book retailing,1994-08,44804,A3349442X,10.0
Tasmania,Newspaper and book retailing,1994-09,44805,A3349442X,11.1
Tasmania,Newspaper and book retailing,1994-10,44806,A3349442X,9.3
Tasmania,Newspaper and book retailing,1994-11,44807,A3349442X,10.2
Tasmania,Newspaper and book retailing,1994-12,44808,A3349442X,12.6
Tasmania,Newspaper and book retailing,1995-01,44809,A3349442X,9.0
Tasmania,Newspaper and book retailing,1995-02,44810,A3349442X,9.7
Tasmania,Newspaper and book retailing,1995-03,44811,A3349442X,10.1
Tasmania,Newspaper and book retailing,1995-04,44812,A3349442X,8.3
Tasmania,Newspaper and book retailing,1995-05,44813,A3349442X,9.7
Tasmania,Newspaper and book retailing,1995-06,44814,A3349442X,9.2
Tasmania,Newspaper and book retailing,1995-07,44815,A3349442X,9.4
Tasmania,Newspaper and book retailing,1995-08,44816,A3349442X,10.2
Tasmania,Newspaper and book retailing,1995-09,44817,A3349442X,8.7
Tasmania,Newspaper and book retailing,1995-10,44818,A3349442X,8.7
Tasmania,Newspaper and book retailing,1995-11,44819,A3349442X,9.4
Tasmania,Newspaper and book retailing,1995-12,44820,A3349442X,11.1
Tasmania,Newspaper and book retailing,1996-01,44821,A3349442X,10.7
Tasmania,Newspaper and book retailing,1996-02,44822,A3349442X,10.9
Tasmania,Newspaper and book retailing,1996-03,44823,A3349442X,8.9
Tasmania,Newspaper and book retailing,1996-04,44824,A3349442X,7.5
Tasmania,Newspaper and book retailing,1996-05,44825,A3349442X,7.8
Tasmania,Newspaper and book retailing,1996-06,44826,A3349442X,7.3
Tasmania,Newspaper and book retailing,1996-07,44827,A3349442X,7.3
Tasmania,Newspaper and book retailing,1996-08,44828,A3349442X,7.5
Tasmania,Newspaper and book retailing,1996-09,44829,A3349442X,6.7
Tasmania,Newspaper and book retailing,1996-10,44830,A3349442X,7.1
Tasmania,Newspaper and book retailing,1996-11,44831,A3349442X,7.6
Tasmania,Newspaper and book retailing,1996-12,44832,A3349442X,10.0
Tasmania,Newspaper and book retailing,1997-01,44833,A3349442X,9.1
Tasmania,Newspaper and book retailing,1997-02,44834,A3349442X,9.7
Tasmania,Newspaper and book retailing,1997-03,44835,A3349442X,7.6
Tasmania,Newspaper and book retailing,1997-04,44836,A3349442X,8.4
Tasmania,Newspaper and book retailing,1997-05,44837,A3349442X,8.5
Tasmania,Newspaper and book retailing,1997-06,44838,A3349442X,8.0
Tasmania,Newspaper and book retailing,1997-07,44839,A3349442X,10.2
Tasmania,Newspaper and book retailing,1997-08,44840,A3349442X,9.5
Tasmania,Newspaper and book retailing,1997-09,44841,A3349442X,9.8
Tasmania,Newspaper and book retailing,1997-10,44842,A3349442X,9.6
Tasmania,Newspaper and book retailing,1997-11,44843,A3349442X,9.9
Tasmania,Newspaper and book retailing,1997-12,44844,A3349442X,13.7
Tasmania,Newspaper and book retailing,1998-01,44845,A3349442X,10.8
Tasmania,Newspaper and book retailing,1998-02,44846,A3349442X,11.2
Tasmania,Newspaper and book retailing,1998-03,44847,A3349442X,10.2
Tasmania,Newspaper and book retailing,1998-04,44848,A3349442X,9.7
Tasmania,Newspaper and book retailing,1998-05,44849,A3349442X,10.0
Tasmania,Newspaper and book retailing,1998-06,44850,A3349442X,9.2
Tasmania,Newspaper and book retailing,1998-07,44851,A3349442X,8.1
Tasmania,Newspaper and book retailing,1998-08,44852,A3349442X,8.1
Tasmania,Newspaper and book retailing,1998-09,44853,A3349442X,8.2
Tasmania,Newspaper and book retailing,1998-10,44854,A3349442X,8.6
Tasmania,Newspaper and book retailing,1998-11,44855,A3349442X,8.8
Tasmania,Newspaper and book retailing,1998-12,44856,A3349442X,11.7
Tasmania,Newspaper and book retailing,1999-01,44857,A3349442X,9.4
Tasmania,Newspaper and book retailing,1999-02,44858,A3349442X,10.4
Tasmania,Newspaper and book retailing,1999-03,44859,A3349442X,10.4
Tasmania,Newspaper and book retailing,1999-04,44860,A3349442X,9.5
Tasmania,Newspaper and book retailing,1999-05,44861,A3349442X,9.6
Tasmania,Newspaper and book retailing,1999-06,44862,A3349442X,9.3
Tasmania,Newspaper and book retailing,1999-07,44863,A3349442X,10.3
Tasmania,Newspaper and book retailing,1999-08,44864,A3349442X,9.4
Tasmania,Newspaper and book retailing,1999-09,44865,A3349442X,9.7
Tasmania,Newspaper and book retailing,1999-10,44866,A3349442X,9.8
Tasmania,Newspaper and book retailing,1999-11,44867,A3349442X,10.1
Tasmania,Newspaper and book retailing,1999-12,44868,A3349442X,12.8
Tasmania,Newspaper and book retailing,2000-01,44869,A3349442X,10.7
Tasmania,Newspaper and book retailing,2000-02,44870,A3349442X,11.4
Tasmania,Newspaper and book retailing,2000-03,44871,A3349442X,10.7
Tasmania,Newspaper and book retailing,2000-04,44872,A3349442X,9.4
Tasmania,Newspaper and book retailing,2000-05,44873,A3349442X,10.0
Tasmania,Newspaper and book retailing,2000-06,44874,A3349442X,9.8
Tasmania,Newspaper and book retailing,2000-07,44875,A3349442X,9.6
Tasmania,Newspaper and book retailing,2000-08,44876,A3349442X,10.1
Tasmania,Newspaper and book retailing,2000-09,44877,A3349442X,9.9
Tasmania,Newspaper and book retailing,2000-10,44878,A3349442X,9.9
Tasmania,Newspaper and book retailing,2000-11,44879,A3349442X,10.5
Tasmania,Newspaper and book retailing,2000-12,44880,A3349442X,13.0
Tasmania,Newspaper and book retailing,2001-01,44881,A3349442X,11.5
Tasmania,Newspaper and book retailing,2001-02,44882,A3349442X,11.7
Tasmania,Newspaper and book retailing,2001-03,44883,A3349442X,11.6
Tasmania,Newspaper and book retailing,2001-04,44884,A3349442X,8.5
Tasmania,Newspaper and book retailing,2001-05,44885,A3349442X,8.8
Tasmania,Newspaper and book retailing,2001-06,44886,A3349442X,8.4
Tasmania,Newspaper and book retailing,2001-07,44887,A3349442X,9.1
Tasmania,Newspaper and book retailing,2001-08,44888,A3349442X,8.5
Tasmania,Newspaper and book retailing,2001-09,44889,A3349442X,8.3
Tasmania,Newspaper and book retailing,2001-10,44890,A3349442X,8.7
Tasmania,Newspaper and book retailing,2001-11,44891,A3349442X,9.6
Tasmania,Newspaper and book retailing,2001-12,44892,A3349442X,12.3
Tasmania,Newspaper and book retailing,2002-01,44893,A3349442X,10.0
Tasmania,Newspaper and book retailing,2002-02,44894,A3349442X,10.6
Tasmania,Newspaper and book retailing,2002-03,44895,A3349442X,10.3
Tasmania,Newspaper and book retailing,2002-04,44896,A3349442X,9.0
Tasmania,Newspaper and book retailing,2002-05,44897,A3349442X,10.3
Tasmania,Newspaper and book retailing,2002-06,44898,A3349442X,9.7
Tasmania,Newspaper and book retailing,2002-07,44899,A3349442X,10.2
Tasmania,Newspaper and book retailing,2002-08,44900,A3349442X,10.2
Tasmania,Newspaper and book retailing,2002-09,44901,A3349442X,9.3
Tasmania,Newspaper and book retailing,2002-10,44902,A3349442X,9.3
Tasmania,Newspaper and book retailing,2002-11,44903,A3349442X,9.7
Tasmania,Newspaper and book retailing,2002-12,44904,A3349442X,13.7
Tasmania,Newspaper and book retailing,2003-01,44905,A3349442X,10.1
Tasmania,Newspaper and book retailing,2003-02,44906,A3349442X,10.7
Tasmania,Newspaper and book retailing,2003-03,44907,A3349442X,10.2
Tasmania,Newspaper and book retailing,2003-04,44908,A3349442X,10.3
Tasmania,Newspaper and book retailing,2003-05,44909,A3349442X,10.3
Tasmania,Newspaper and book retailing,2003-06,44910,A3349442X,9.6
Tasmania,Newspaper and book retailing,2003-07,44911,A3349442X,13.5
Tasmania,Newspaper and book retailing,2003-08,44912,A3349442X,13.7
Tasmania,Newspaper and book retailing,2003-09,44913,A3349442X,13.7
Tasmania,Newspaper and book retailing,2003-10,44914,A3349442X,13.2
Tasmania,Newspaper and book retailing,2003-11,44915,A3349442X,13.3
Tasmania,Newspaper and book retailing,2003-12,44916,A3349442X,18.3
Tasmania,Newspaper and book retailing,2004-01,44917,A3349442X,13.7
Tasmania,Newspaper and book retailing,2004-02,44918,A3349442X,15.2
Tasmania,Newspaper and book retailing,2004-03,44919,A3349442X,13.4
Tasmania,Newspaper and book retailing,2004-04,44920,A3349442X,13.2
Tasmania,Newspaper and book retailing,2004-05,44921,A3349442X,13.4
Tasmania,Newspaper and book retailing,2004-06,44922,A3349442X,13.1
Tasmania,Newspaper and book retailing,2004-07,44923,A3349442X,15.2
Tasmania,Newspaper and book retailing,2004-08,44924,A3349442X,14.6
Tasmania,Newspaper and book retailing,2004-09,44925,A3349442X,14.9
Tasmania,Newspaper and book retailing,2004-10,44926,A3349442X,14.2
Tasmania,Newspaper and book retailing,2004-11,44927,A3349442X,13.8
Tasmania,Newspaper and book retailing,2004-12,44928,A3349442X,17.6
Tasmania,Newspaper and book retailing,2005-01,44929,A3349442X,14.2
Tasmania,Newspaper and book retailing,2005-02,44930,A3349442X,14.4
Tasmania,Newspaper and book retailing,2005-03,44931,A3349442X,14.0
Tasmania,Newspaper and book retailing,2005-04,44932,A3349442X,12.8
Tasmania,Newspaper and book retailing,2005-05,44933,A3349442X,13.1
Tasmania,Newspaper and book retailing,2005-06,44934,A3349442X,12.8
Tasmania,Newspaper and book retailing,2005-07,44935,A3349442X,15.1
Tasmania,Newspaper and book retailing,2005-08,44936,A3349442X,14.8
Tasmania,Newspaper and book retailing,2005-09,44937,A3349442X,14.7
Tasmania,Newspaper and book retailing,2005-10,44938,A3349442X,16.0
Tasmania,Newspaper and book retailing,2005-11,44939,A3349442X,16.8
Tasmania,Newspaper and book retailing,2005-12,44940,A3349442X,24.1
Tasmania,Newspaper and book retailing,2006-01,44941,A3349442X,16.3
Tasmania,Newspaper and book retailing,2006-02,44942,A3349442X,15.7
Tasmania,Newspaper and book retailing,2006-03,44943,A3349442X,16.5
Tasmania,Newspaper and book retailing,2006-04,44944,A3349442X,14.6
Tasmania,Newspaper and book retailing,2006-05,44945,A3349442X,13.8
Tasmania,Newspaper and book retailing,2006-06,44946,A3349442X,13.0
Tasmania,Newspaper and book retailing,2006-07,44947,A3349442X,16.5
Tasmania,Newspaper and book retailing,2006-08,44948,A3349442X,16.6
Tasmania,Newspaper and book retailing,2006-09,44949,A3349442X,17.0
Tasmania,Newspaper and book retailing,2006-10,44950,A3349442X,15.5
Tasmania,Newspaper and book retailing,2006-11,44951,A3349442X,16.4
Tasmania,Newspaper and book retailing,2006-12,44952,A3349442X,22.3
Tasmania,Newspaper and book retailing,2007-01,44953,A3349442X,15.8
Tasmania,Newspaper and book retailing,2007-02,44954,A3349442X,16.2
Tasmania,Newspaper and book retailing,2007-03,44955,A3349442X,16.3
Tasmania,Newspaper and book retailing,2007-04,44956,A3349442X,15.2
Tasmania,Newspaper and book retailing,2007-05,44957,A3349442X,16.1
Tasmania,Newspaper and book retailing,2007-06,44958,A3349442X,15.3
Tasmania,Newspaper and book retailing,2007-07,44959,A3349442X,16.6
Tasmania,Newspaper and book retailing,2007-08,44960,A3349442X,17.2
Tasmania,Newspaper and book retailing,2007-09,44961,A3349442X,15.6
Tasmania,Newspaper and book retailing,2007-10,44962,A3349442X,11.3
Tasmania,Newspaper and book retailing,2007-11,44963,A3349442X,11.6
Tasmania,Newspaper and book retailing,2007-12,44964,A3349442X,15.3
Tasmania,Newspaper and book retailing,2008-01,44965,A3349442X,11.7
Tasmania,Newspaper and book retailing,2008-02,44966,A3349442X,11.6
Tasmania,Newspaper and book retailing,2008-03,44967,A3349442X,11.7
Tasmania,Newspaper and book retailing,2008-04,44968,A3349442X,12.6
Tasmania,Newspaper and book retailing,2008-05,44969,A3349442X,12.9
Tasmania,Newspaper and book retailing,2008-06,44970,A3349442X,12.7
Tasmania,Newspaper and book retailing,2008-07,44971,A3349442X,15.5
Tasmania,Newspaper and book retailing,2008-08,44972,A3349442X,15.9
Tasmania,Newspaper and book retailing,2008-09,44973,A3349442X,15.0
Tasmania,Newspaper and book retailing,2008-10,44974,A3349442X,15.3
Tasmania,Newspaper and book retailing,2008-11,44975,A3349442X,16.3
Tasmania,Newspaper and book retailing,2008-12,44976,A3349442X,23.3
Tasmania,Newspaper and book retailing,2009-01,44977,A3349442X,16.0
Tasmania,Newspaper and book retailing,2009-02,44978,A3349442X,16.9
Tasmania,Newspaper and book retailing,2009-03,44979,A3349442X,15.6
Tasmania,Newspaper and book retailing,2009-04,44980,A3349442X,14.2
Tasmania,Newspaper and book retailing,2009-05,44981,A3349442X,14.2
Tasmania,Newspaper and book retailing,2009-06,44982,A3349442X,13.7
Tasmania,Newspaper and book retailing,2009-07,44983,A3349442X,15.5
Tasmania,Newspaper and book retailing,2009-08,44984,A3349442X,13.3
Tasmania,Newspaper and book retailing,2009-09,44985,A3349442X,14.9
Tasmania,Newspaper and book retailing,2009-10,44986,A3349442X,14.8
Tasmania,Newspaper and book retailing,2009-11,44987,A3349442X,15.2
Tasmania,Newspaper and book retailing,2009-12,44988,A3349442X,17.4
Tasmania,Newspaper and book retailing,2010-01,44989,A3349442X,13.5
Tasmania,Newspaper and book retailing,2010-02,44990,A3349442X,16.4
Tasmania,Newspaper and book retailing,2010-03,44991,A3349442X,14.2
Tasmania,Newspaper and book retailing,2010-04,44992,A3349442X,11.4
Tasmania,Newspaper and book retailing,2010-05,44993,A3349442X,11.4
Tasmania,Newspaper and book retailing,2010-06,44994,A3349442X,11.5
Tasmania,Newspaper and book retailing,2010-07,44995,A3349442X,12.4
Tasmania,Newspaper and book retailing,2010-08,44996,A3349442X,11.0
Tasmania,Newspaper and book retailing,2010-09,44997,A3349442X,11.8
Tasmania,Newspaper and book retailing,2010-10,44998,A3349442X,12.1
Tasmania,Newspaper and book retailing,2010-11,44999,A3349442X,12.3
Tasmania,Newspaper and book retailing,2010-12,45000,A3349442X,15.6
Tasmania,Newspaper and book retailing,2011-01,45001,A3349442X,11.5
Tasmania,Newspaper and book retailing,2011-02,45002,A3349442X,14.9
Tasmania,Newspaper and book retailing,2011-03,45003,A3349442X,12.8
Tasmania,Newspaper and book retailing,2011-04,45004,A3349442X,9.8
Tasmania,Newspaper and book retailing,2011-05,45005,A3349442X,10.3
Tasmania,Newspaper and book retailing,2011-06,45006,A3349442X,9.9
Tasmania,Newspaper and book retailing,2011-07,45007,A3349442X,11.9
Tasmania,Newspaper and book retailing,2011-08,45008,A3349442X,11.1
Tasmania,Newspaper and book retailing,2011-09,45009,A3349442X,10.4
Tasmania,Newspaper and book retailing,2011-10,45010,A3349442X,11.0
Tasmania,Newspaper and book retailing,2011-11,45011,A3349442X,11.6
Tasmania,Newspaper and book retailing,2011-12,45012,A3349442X,12.3
Tasmania,Newspaper and book retailing,2012-01,45013,A3349442X,9.9
Tasmania,Newspaper and book retailing,2012-02,45014,A3349442X,12.6
Tasmania,Newspaper and book retailing,2012-03,45015,A3349442X,11.8
Tasmania,Newspaper and book retailing,2012-04,45016,A3349442X,8.7
Tasmania,Newspaper and book retailing,2012-05,45017,A3349442X,8.7
Tasmania,Newspaper and book retailing,2012-06,45018,A3349442X,9.2
Tasmania,Newspaper and book retailing,2012-07,45019,A3349442X,10.2
Tasmania,Newspaper and book retailing,2012-08,45020,A3349442X,9.9
Tasmania,Newspaper and book retailing,2012-09,45021,A3349442X,8.5
Tasmania,Newspaper and book retailing,2012-10,45022,A3349442X,9.2
Tasmania,Newspaper and book retailing,2012-11,45023,A3349442X,9.6
Tasmania,Newspaper and book retailing,2012-12,45024,A3349442X,10.5
Tasmania,Newspaper and book retailing,2013-01,45025,A3349442X,9.7
Tasmania,Newspaper and book retailing,2013-02,45026,A3349442X,11.7
Tasmania,Newspaper and book retailing,2013-03,45027,A3349442X,10.2
Tasmania,Newspaper and book retailing,2013-04,45028,A3349442X,8.2
Tasmania,Newspaper and book retailing,2013-05,45029,A3349442X,9.9
Tasmania,Newspaper and book retailing,2013-06,45030,A3349442X,8.4
Tasmania,Newspaper and book retailing,2013-07,45031,A3349442X,9.9
Tasmania,Newspaper and book retailing,2013-08,45032,A3349442X,9.7
Tasmania,Newspaper and book retailing,2013-09,45033,A3349442X,8.8
Tasmania,Newspaper and book retailing,2013-10,45034,A3349442X,10.1
Tasmania,Newspaper and book retailing,2013-11,45035,A3349442X,11.1
Tasmania,Newspaper and book retailing,2013-12,45036,A3349442X,13.9
Tasmania,Newspaper and book retailing,2014-01,45037,A3349442X,10.6
Tasmania,Newspaper and book retailing,2014-02,45038,A3349442X,11.2
Tasmania,Newspaper and book retailing,2014-03,45039,A3349442X,8.9
Tasmania,Newspaper and book retailing,2014-04,45040,A3349442X,8.4
Tasmania,Newspaper and book retailing,2014-05,45041,A3349442X,8.4
Tasmania,Newspaper and book retailing,2014-06,45042,A3349442X,7.7
Tasmania,Newspaper and book retailing,2014-07,45043,A3349442X,6.5
Tasmania,Newspaper and book retailing,2014-08,45044,A3349442X,6.1
Tasmania,Newspaper and book retailing,2014-09,45045,A3349442X,5.4
Tasmania,Newspaper and book retailing,2014-10,45046,A3349442X,6.2
Tasmania,Newspaper and book retailing,2014-11,45047,A3349442X,6.3
Tasmania,Newspaper and book retailing,2014-12,45048,A3349442X,9.2
Tasmania,Newspaper and book retailing,2015-01,45049,A3349442X,7.6
Tasmania,Newspaper and book retailing,2015-02,45050,A3349442X,10.0
Tasmania,Newspaper and book retailing,2015-03,45051,A3349442X,9.5
Tasmania,Newspaper and book retailing,2015-04,45052,A3349442X,8.6
Tasmania,Newspaper and book retailing,2015-05,45053,A3349442X,9.3
Tasmania,Newspaper and book retailing,2015-06,45054,A3349442X,8.8
Tasmania,Newspaper and book retailing,2015-07,45055,A3349442X,10.9
Tasmania,Newspaper and book retailing,2015-08,45056,A3349442X,9.6
Tasmania,Newspaper and book retailing,2015-09,45057,A3349442X,9.3
Tasmania,Newspaper and book retailing,2015-10,45058,A3349442X,9.5
Tasmania,Newspaper and book retailing,2015-11,45059,A3349442X,9.8
Tasmania,Newspaper and book retailing,2015-12,45060,A3349442X,13.5
Tasmania,Newspaper and book retailing,2016-01,45061,A3349442X,12.0
Tasmania,Newspaper and book retailing,2016-02,45062,A3349442X,15.1
Tasmania,Newspaper and book retailing,2016-03,45063,A3349442X,13.3
Tasmania,Newspaper and book retailing,2016-04,45064,A3349442X,10.5
Tasmania,Newspaper and book retailing,2016-05,45065,A3349442X,12.1
Tasmania,Newspaper and book retailing,2016-06,45066,A3349442X,10.9
Tasmania,Newspaper and book retailing,2016-07,45067,A3349442X,14.1
Tasmania,Newspaper and book retailing,2016-08,45068,A3349442X,14.6
Tasmania,Newspaper and book retailing,2016-09,45069,A3349442X,11.4
Tasmania,Newspaper and book retailing,2016-10,45070,A3349442X,11.4
Tasmania,Newspaper and book retailing,2016-11,45071,A3349442X,11.1
Tasmania,Newspaper and book retailing,2016-12,45072,A3349442X,16.0
Tasmania,Newspaper and book retailing,2017-01,45073,A3349442X,11.9
Tasmania,Newspaper and book retailing,2017-02,45074,A3349442X,12.9
Tasmania,Newspaper and book retailing,2017-03,45075,A3349442X,12.8
Tasmania,Newspaper and book retailing,2017-04,45076,A3349442X,10.3
Tasmania,Newspaper and book retailing,2017-05,45077,A3349442X,11.8
Tasmania,Newspaper and book retailing,2017-06,45078,A3349442X,11.6
Tasmania,Newspaper and book retailing,2017-07,45079,A3349442X,10.9
Tasmania,Newspaper and book retailing,2017-08,45080,A3349442X,9.9
Tasmania,Newspaper and book retailing,2017-09,45081,A3349442X,9.6
Tasmania,Newspaper and book retailing,2017-10,45082,A3349442X,9.5
Tasmania,Newspaper and book retailing,2017-11,45083,A3349442X,9.1
Tasmania,Newspaper and book retailing,2017-12,45084,A3349442X,12.9
Tasmania,Newspaper and book retailing,2018-01,45085,A3349442X,11.6
Tasmania,Newspaper and book retailing,2018-02,45086,A3349442X,11.2
Tasmania,Newspaper and book retailing,2018-03,45087,A3349442X,12.1
Tasmania,Newspaper and book retailing,2018-04,45088,A3349442X,10.2
Tasmania,Newspaper and book retailing,2018-05,45089,A3349442X,10.6
Tasmania,Newspaper and book retailing,2018-06,45090,A3349442X,10.4
Tasmania,Newspaper and book retailing,2018-07,45091,A3349442X,8.8
Tasmania,Newspaper and book retailing,2018-08,45092,A3349442X,8.6
Tasmania,Newspaper and book retailing,2018-09,45093,A3349442X,8.1
Tasmania,Newspaper and book retailing,2018-10,45094,A3349442X,7.9
Tasmania,Newspaper and book retailing,2018-11,45095,A3349442X,8.5
Tasmania,Newspaper and book retailing,2018-12,45096,A3349442X,10.6
Victoria,Newspaper and book retailing,1982-04,52185,A3349639C,42.2
Victoria,Newspaper and book retailing,1982-05,52186,A3349639C,42.1
Victoria,Newspaper and book retailing,1982-06,52187,A3349639C,38.5
Victoria,Newspaper and book retailing,1982-07,52188,A3349639C,38.9
Victoria,Newspaper and book retailing,1982-08,52189,A3349639C,39.5
Victoria,Newspaper and book retailing,1982-09,52190,A3349639C,41.7
Victoria,Newspaper and book retailing,1982-10,52191,A3349639C,46.2
Victoria,Newspaper and book retailing,1982-11,52192,A3349639C,43.5
Victoria,Newspaper and book retailing,1982-12,52193,A3349639C,57.2
Victoria,Newspaper and book retailing,1983-01,52194,A3349639C,43.7
Victoria,Newspaper and book retailing,1983-02,52195,A3349639C,44.3
Victoria,Newspaper and book retailing,1983-03,52196,A3349639C,48.3
Victoria,Newspaper and book retailing,1983-04,52197,A3349639C,37.0
Victoria,Newspaper and book retailing,1983-05,52198,A3349639C,40.1
Victoria,Newspaper and book retailing,1983-06,52199,A3349639C,38.2
Victoria,Newspaper and book retailing,1983-07,52200,A3349639C,39.0
Victoria,Newspaper and book retailing,1983-08,52201,A3349639C,47.1
Victoria,Newspaper and book retailing,1983-09,52202,A3349639C,46.1
Victoria,Newspaper and book retailing,1983-10,52203,A3349639C,46.9
Victoria,Newspaper and book retailing,1983-11,52204,A3349639C,48.9
Victoria,Newspaper and book retailing,1983-12,52205,A3349639C,64.8
Victoria,Newspaper and book retailing,1984-01,52206,A3349639C,45.9
Victoria,Newspaper and book retailing,1984-02,52207,A3349639C,48.4
Victoria,Newspaper and book retailing,1984-03,52208,A3349639C,49.1
Victoria,Newspaper and book retailing,1984-04,52209,A3349639C,49.5
Victoria,Newspaper and book retailing,1984-05,52210,A3349639C,54.9
Victoria,Newspaper and book retailing,1984-06,52211,A3349639C,48.7
Victoria,Newspaper and book retailing,1984-07,52212,A3349639C,48.4
Victoria,Newspaper and book retailing,1984-08,52213,A3349639C,51.1
Victoria,Newspaper and book retailing,1984-09,52214,A3349639C,50.3
Victoria,Newspaper and book retailing,1984-10,52215,A3349639C,55.6
Victoria,Newspaper and book retailing,1984-11,52216,A3349639C,60.7
Victoria,Newspaper and book retailing,1984-12,52217,A3349639C,73.8
Victoria,Newspaper and book retailing,1985-01,52218,A3349639C,53.2
Victoria,Newspaper and book retailing,1985-02,52219,A3349639C,60.3
Victoria,Newspaper and book retailing,1985-03,52220,A3349639C,52.7
Victoria,Newspaper and book retailing,1985-04,52221,A3349639C,47.3
Victoria,Newspaper and book retailing,1985-05,52222,A3349639C,51.9
Victoria,Newspaper and book retailing,1985-06,52223,A3349639C,43.9
Victoria,Newspaper and book retailing,1985-07,52224,A3349639C,50.7
Victoria,Newspaper and book retailing,1985-08,52225,A3349639C,52.0
Victoria,Newspaper and book retailing,1985-09,52226,A3349639C,52.1
Victoria,Newspaper and book retailing,1985-10,52227,A3349639C,50.6
Victoria,Newspaper and book retailing,1985-11,52228,A3349639C,54.0
Victoria,Newspaper and book retailing,1985-12,52229,A3349639C,71.1
Victoria,Newspaper and book retailing,1986-01,52230,A3349639C,58.4
Victoria,Newspaper and book retailing,1986-02,52231,A3349639C,61.1
Victoria,Newspaper and book retailing,1986-03,52232,A3349639C,52.8
Victoria,Newspaper and book retailing,1986-04,52233,A3349639C,53.1
Victoria,Newspaper and book retailing,1986-05,52234,A3349639C,56.0
Victoria,Newspaper and book retailing,1986-06,52235,A3349639C,48.0
Victoria,Newspaper and book retailing,1986-07,52236,A3349639C,49.1
Victoria,Newspaper and book retailing,1986-08,52237,A3349639C,47.9
Victoria,Newspaper and book retailing,1986-09,52238,A3349639C,48.5
Victoria,Newspaper and book retailing,1986-10,52239,A3349639C,54.9
Victoria,Newspaper and book retailing,1986-11,52240,A3349639C,55.5
Victoria,Newspaper and book retailing,1986-12,52241,A3349639C,77.8
Victoria,Newspaper and book retailing,1987-01,52242,A3349639C,58.9
Victoria,Newspaper and book retailing,1987-02,52243,A3349639C,56.3
Victoria,Newspaper and book retailing,1987-03,52244,A3349639C,53.7
Victoria,Newspaper and book retailing,1987-04,52245,A3349639C,54.3
Victoria,Newspaper and book retailing,1987-05,52246,A3349639C,55.7
Victoria,Newspaper and book retailing,1987-06,52247,A3349639C,54.2
Victoria,Newspaper and book retailing,1987-07,52248,A3349639C,56.1
Victoria,Newspaper and book retailing,1987-08,52249,A3349639C,55.6
Victoria,Newspaper and book retailing,1987-09,52250,A3349639C,55.7
Victoria,Newspaper and book retailing,1987-10,52251,A3349639C,55.4
Victoria,Newspaper and book retailing,1987-11,52252,A3349639C,54.9
Victoria,Newspaper and book retailing,1987-12,52253,A3349639C,76.0
Victoria,Newspaper and book retailing,1988-01,52254,A3349639C,54.6
Victoria,Newspaper and book retailing,1988-02,52255,A3349639C,52.2
Victoria,Newspaper and book retailing,1988-03,52256,A3349639C,54.2
Victoria,Newspaper and book retailing,1988-04,52257,A3349639C,48.8
Victoria,Newspaper and book retailing,1988-05,52258,A3349639C,52.6
Victoria,Newspaper and book retailing,1988-06,52259,A3349639C,49.2
Victoria,Newspaper and book retailing,1988-07,52260,A3349639C,46.8
Victoria,Newspaper and book retailing,1988-08,52261,A3349639C,51.3
Victoria,Newspaper and book retailing,1988-09,52262,A3349639C,46.3
Victoria,Newspaper and book retailing,1988-10,52263,A3349639C,47.6
Victoria,Newspaper and book retailing,1988-11,52264,A3349639C,53.7
Victoria,Newspaper and book retailing,1988-12,52265,A3349639C,66.8
Victoria,Newspaper and book retailing,1989-01,52266,A3349639C,55.5
Victoria,Newspaper and book retailing,1989-02,52267,A3349639C,50.2
Victoria,Newspaper and book retailing,1989-03,52268,A3349639C,55.8
Victoria,Newspaper and book retailing,1989-04,52269,A3349639C,51.8
Victoria,Newspaper and book retailing,1989-05,52270,A3349639C,56.6
Victoria,Newspaper and book retailing,1989-06,52271,A3349639C,57.0
Victoria,Newspaper and book retailing,1989-07,52272,A3349639C,56.1
Victoria,Newspaper and book retailing,1989-08,52273,A3349639C,62.2
Victoria,Newspaper and book retailing,1989-09,52274,A3349639C,60.6
Victoria,Newspaper and book retailing,1989-10,52275,A3349639C,61.1
Victoria,Newspaper and book retailing,1989-11,52276,A3349639C,63.7
Victoria,Newspaper and book retailing,1989-12,52277,A3349639C,89.3
Victoria,Newspaper and book retailing,1990-01,52278,A3349639C,76.1
Victoria,Newspaper and book retailing,1990-02,52279,A3349639C,69.9
Victoria,Newspaper and book retailing,1990-03,52280,A3349639C,57.4
Victoria,Newspaper and book retailing,1990-04,52281,A3349639C,50.4
Victoria,Newspaper and book retailing,1990-05,52282,A3349639C,58.4
Victoria,Newspaper and book retailing,1990-06,52283,A3349639C,53.2
Victoria,Newspaper and book retailing,1990-07,52284,A3349639C,53.3
Victoria,Newspaper and book retailing,1990-08,52285,A3349639C,56.3
Victoria,Newspaper and book retailing,1990-09,52286,A3349639C,50.5
Victoria,Newspaper and book retailing,1990-10,52287,A3349639C,50.8
Victoria,Newspaper and book retailing,1990-11,52288,A3349639C,53.3
Victoria,Newspaper and book retailing,1990-12,52289,A3349639C,71.9
Victoria,Newspaper and book retailing,1991-01,52290,A3349639C,62.5
Victoria,Newspaper and book retailing,1991-02,52291,A3349639C,54.1
Victoria,Newspaper and book retailing,1991-03,52292,A3349639C,52.0
Victoria,Newspaper and book retailing,1991-04,52293,A3349639C,46.8
Victoria,Newspaper and book retailing,1991-05,52294,A3349639C,55.2
Victoria,Newspaper and book retailing,1991-06,52295,A3349639C,48.4
Victoria,Newspaper and book retailing,1991-07,52296,A3349639C,54.1
Victoria,Newspaper and book retailing,1991-08,52297,A3349639C,51.2
Victoria,Newspaper and book retailing,1991-09,52298,A3349639C,43.2
Victoria,Newspaper and book retailing,1991-10,52299,A3349639C,49.7
Victoria,Newspaper and book retailing,1991-11,52300,A3349639C,48.5
Victoria,Newspaper and book retailing,1991-12,52301,A3349639C,66.9
Victoria,Newspaper and book retailing,1992-01,52302,A3349639C,56.9
Victoria,Newspaper and book retailing,1992-02,52303,A3349639C,49.9
Victoria,Newspaper and book retailing,1992-03,52304,A3349639C,50.1
Victoria,Newspaper and book retailing,1992-04,52305,A3349639C,46.1
Victoria,Newspaper and book retailing,1992-05,52306,A3349639C,50.8
Victoria,Newspaper and book retailing,1992-06,52307,A3349639C,43.9
Victoria,Newspaper and book retailing,1992-07,52308,A3349639C,48.1
Victoria,Newspaper and book retailing,1992-08,52309,A3349639C,45.0
Victoria,Newspaper and book retailing,1992-09,52310,A3349639C,48.0
Victoria,Newspaper and book retailing,1992-10,52311,A3349639C,47.8
Victoria,Newspaper and book retailing,1992-11,52312,A3349639C,49.4
Victoria,Newspaper and book retailing,1992-12,52313,A3349639C,70.0
Victoria,Newspaper and book retailing,1993-01,52314,A3349639C,52.5
Victoria,Newspaper and book retailing,1993-02,52315,A3349639C,52.8
Victoria,Newspaper and book retailing,1993-03,52316,A3349639C,55.1
Victoria,Newspaper and book retailing,1993-04,52317,A3349639C,50.4
Victoria,Newspaper and book retailing,1993-05,52318,A3349639C,52.2
Victoria,Newspaper and book retailing,1993-06,52319,A3349639C,46.5
Victoria,Newspaper and book retailing,1993-07,52320,A3349639C,51.3
Victoria,Newspaper and book retailing,1993-08,52321,A3349639C,51.1
Victoria,Newspaper and book retailing,1993-09,52322,A3349639C,51.9
Victoria,Newspaper and book retailing,1993-10,52323,A3349639C,52.8
Victoria,Newspaper and book retailing,1993-11,52324,A3349639C,55.8
Victoria,Newspaper and book retailing,1993-12,52325,A3349639C,76.9
Victoria,Newspaper and book retailing,1994-01,52326,A3349639C,61.0
Victoria,Newspaper and book retailing,1994-02,52327,A3349639C,57.1
Victoria,Newspaper and book retailing,1994-03,52328,A3349639C,56.0
Victoria,Newspaper and book retailing,1994-04,52329,A3349639C,52.7
Victoria,Newspaper and book retailing,1994-05,52330,A3349639C,58.5
Victoria,Newspaper and book retailing,1994-06,52331,A3349639C,58.4
Victoria,Newspaper and book retailing,1994-07,52332,A3349639C,60.9
Victoria,Newspaper and book retailing,1994-08,52333,A3349639C,65.4
Victoria,Newspaper and book retailing,1994-09,52334,A3349639C,61.8
Victoria,Newspaper and book retailing,1994-10,52335,A3349639C,67.6
Victoria,Newspaper and book retailing,1994-11,52336,A3349639C,70.5
Victoria,Newspaper and book retailing,1994-12,52337,A3349639C,94.1
Victoria,Newspaper and book retailing,1995-01,52338,A3349639C,67.7
Victoria,Newspaper and book retailing,1995-02,52339,A3349639C,65.7
Victoria,Newspaper and book retailing,1995-03,52340,A3349639C,68.5
Victoria,Newspaper and book retailing,1995-04,52341,A3349639C,63.7
Victoria,Newspaper and book retailing,1995-05,52342,A3349639C,72.9
Victoria,Newspaper and book retailing,1995-06,52343,A3349639C,71.2
Victoria,Newspaper and book retailing,1995-07,52344,A3349639C,71.7
Victoria,Newspaper and book retailing,1995-08,52345,A3349639C,72.7
Victoria,Newspaper and book retailing,1995-09,52346,A3349639C,71.1
Victoria,Newspaper and book retailing,1995-10,52347,A3349639C,68.0
Victoria,Newspaper and book retailing,1995-11,52348,A3349639C,71.0
Victoria,Newspaper and book retailing,1995-12,52349,A3349639C,98.0
Victoria,Newspaper and book retailing,1996-01,52350,A3349639C,90.9
Victoria,Newspaper and book retailing,1996-02,52351,A3349639C,74.5
Victoria,Newspaper and book retailing,1996-03,52352,A3349639C,68.8
Victoria,Newspaper and book retailing,1996-04,52353,A3349639C,63.2
Victoria,Newspaper and book retailing,1996-05,52354,A3349639C,67.3
Victoria,Newspaper and book retailing,1996-06,52355,A3349639C,63.5
Victoria,Newspaper and book retailing,1996-07,52356,A3349639C,65.2
Victoria,Newspaper and book retailing,1996-08,52357,A3349639C,67.5
Victoria,Newspaper and book retailing,1996-09,52358,A3349639C,62.7
Victoria,Newspaper and book retailing,1996-10,52359,A3349639C,70.4
Victoria,Newspaper and book retailing,1996-11,52360,A3349639C,71.3
Victoria,Newspaper and book retailing,1996-12,52361,A3349639C,104.5
Victoria,Newspaper and book retailing,1997-01,52362,A3349639C,76.4
Victoria,Newspaper and book retailing,1997-02,52363,A3349639C,67.3
Victoria,Newspaper and book retailing,1997-03,52364,A3349639C,69.9
Victoria,Newspaper and book retailing,1997-04,52365,A3349639C,73.2
Victoria,Newspaper and book retailing,1997-05,52366,A3349639C,67.7
Victoria,Newspaper and book retailing,1997-06,52367,A3349639C,64.0
Victoria,Newspaper and book retailing,1997-07,52368,A3349639C,64.8
Victoria,Newspaper and book retailing,1997-08,52369,A3349639C,67.4
Victoria,Newspaper and book retailing,1997-09,52370,A3349639C,68.0
Victoria,Newspaper and book retailing,1997-10,52371,A3349639C,72.5
Victoria,Newspaper and book retailing,1997-11,52372,A3349639C,71.6
Victoria,Newspaper and book retailing,1997-12,52373,A3349639C,103.2
Victoria,Newspaper and book retailing,1998-01,52374,A3349639C,75.0
Victoria,Newspaper and book retailing,1998-02,52375,A3349639C,67.6
Victoria,Newspaper and book retailing,1998-03,52376,A3349639C,72.6
Victoria,Newspaper and book retailing,1998-04,52377,A3349639C,61.7
Victoria,Newspaper and book retailing,1998-05,52378,A3349639C,61.7
Victoria,Newspaper and book retailing,1998-06,52379,A3349639C,59.0
Victoria,Newspaper and book retailing,1998-07,52380,A3349639C,67.1
Victoria,Newspaper and book retailing,1998-08,52381,A3349639C,69.1
Victoria,Newspaper and book retailing,1998-09,52382,A3349639C,67.5
Victoria,Newspaper and book retailing,1998-10,52383,A3349639C,71.8
Victoria,Newspaper and book retailing,1998-11,52384,A3349639C,72.3
Victoria,Newspaper and book retailing,1998-12,52385,A3349639C,98.5
Victoria,Newspaper and book retailing,1999-01,52386,A3349639C,76.3
Victoria,Newspaper and book retailing,1999-02,52387,A3349639C,67.6
Victoria,Newspaper and book retailing,1999-03,52388,A3349639C,74.2
Victoria,Newspaper and book retailing,1999-04,52389,A3349639C,71.1
Victoria,Newspaper and book retailing,1999-05,52390,A3349639C,73.3
Victoria,Newspaper and book retailing,1999-06,52391,A3349639C,72.4
Victoria,Newspaper and book retailing,1999-07,52392,A3349639C,70.0
Victoria,Newspaper and book retailing,1999-08,52393,A3349639C,68.1
Victoria,Newspaper and book retailing,1999-09,52394,A3349639C,68.4
Victoria,Newspaper and book retailing,1999-10,52395,A3349639C,67.0
Victoria,Newspaper and book retailing,1999-11,52396,A3349639C,73.2
Victoria,Newspaper and book retailing,1999-12,52397,A3349639C,100.2
Victoria,Newspaper and book retailing,2000-01,52398,A3349639C,62.0
Victoria,Newspaper and book retailing,2000-02,52399,A3349639C,55.9
Victoria,Newspaper and book retailing,2000-03,52400,A3349639C,64.0
Victoria,Newspaper and book retailing,2000-04,52401,A3349639C,52.7
Victoria,Newspaper and book retailing,2000-05,52402,A3349639C,55.3
Victoria,Newspaper and book retailing,2000-06,52403,A3349639C,55.5
Victoria,Newspaper and book retailing,2000-07,52404,A3349639C,55.4
Victoria,Newspaper and book retailing,2000-08,52405,A3349639C,57.5
Victoria,Newspaper and book retailing,2000-09,52406,A3349639C,59.0
Victoria,Newspaper and book retailing,2000-10,52407,A3349639C,57.6
Victoria,Newspaper and book retailing,2000-11,52408,A3349639C,62.9
Victoria,Newspaper and book retailing,2000-12,52409,A3349639C,86.0
Victoria,Newspaper and book retailing,2001-01,52410,A3349639C,67.6
Victoria,Newspaper and book retailing,2001-02,52411,A3349639C,59.3
Victoria,Newspaper and book retailing,2001-03,52412,A3349639C,65.6
Victoria,Newspaper and book retailing,2001-04,52413,A3349639C,58.9
Victoria,Newspaper and book retailing,2001-05,52414,A3349639C,65.1
Victoria,Newspaper and book retailing,2001-06,52415,A3349639C,64.1
Victoria,Newspaper and book retailing,2001-07,52416,A3349639C,67.6
Victoria,Newspaper and book retailing,2001-08,52417,A3349639C,71.7
Victoria,Newspaper and book retailing,2001-09,52418,A3349639C,66.5
Victoria,Newspaper and book retailing,2001-10,52419,A3349639C,76.9
Victoria,Newspaper and book retailing,2001-11,52420,A3349639C,76.1
Victoria,Newspaper and book retailing,2001-12,52421,A3349639C,92.6
Victoria,Newspaper and book retailing,2002-01,52422,A3349639C,75.8
Victoria,Newspaper and book retailing,2002-02,52423,A3349639C,71.0
Victoria,Newspaper and book retailing,2002-03,52424,A3349639C,73.3
Victoria,Newspaper and book retailing,2002-04,52425,A3349639C,75.0
Victoria,Newspaper and book retailing,2002-05,52426,A3349639C,81.5
Victoria,Newspaper and book retailing,2002-06,52427,A3349639C,72.4
Victoria,Newspaper and book retailing,2002-07,52428,A3349639C,84.4
Victoria,Newspaper and book retailing,2002-08,52429,A3349639C,89.0
Victoria,Newspaper and book retailing,2002-09,52430,A3349639C,79.7
Victoria,Newspaper and book retailing,2002-10,52431,A3349639C,81.8
Victoria,Newspaper and book retailing,2002-11,52432,A3349639C,77.1
Victoria,Newspaper and book retailing,2002-12,52433,A3349639C,108.4
Victoria,Newspaper and book retailing,2003-01,52434,A3349639C,73.9
Victoria,Newspaper and book retailing,2003-02,52435,A3349639C,69.2
Victoria,Newspaper and book retailing,2003-03,52436,A3349639C,68.7
Victoria,Newspaper and book retailing,2003-04,52437,A3349639C,62.3
Victoria,Newspaper and book retailing,2003-05,52438,A3349639C,67.1
Victoria,Newspaper and book retailing,2003-06,52439,A3349639C,62.1
Victoria,Newspaper and book retailing,2003-07,52440,A3349639C,66.0
Victoria,Newspaper and book retailing,2003-08,52441,A3349639C,65.2
Victoria,Newspaper and book retailing,2003-09,52442,A3349639C,64.3
Victoria,Newspaper and book retailing,2003-10,52443,A3349639C,67.7
Victoria,Newspaper and book retailing,2003-11,52444,A3349639C,69.1
Victoria,Newspaper and book retailing,2003-12,52445,A3349639C,98.3
Victoria,Newspaper and book retailing,2004-01,52446,A3349639C,68.3
Victoria,Newspaper and book retailing,2004-02,52447,A3349639C,69.2
Victoria,Newspaper and book retailing,2004-03,52448,A3349639C,75.3
Victoria,Newspaper and book retailing,2004-04,52449,A3349639C,69.6
Victoria,Newspaper and book retailing,2004-05,52450,A3349639C,68.7
Victoria,Newspaper and book retailing,2004-06,52451,A3349639C,66.7
Victoria,Newspaper and book retailing,2004-07,52452,A3349639C,71.3
Victoria,Newspaper and book retailing,2004-08,52453,A3349639C,72.2
Victoria,Newspaper and book retailing,2004-09,52454,A3349639C,74.4
Victoria,Newspaper and book retailing,2004-10,52455,A3349639C,72.5
Victoria,Newspaper and book retailing,2004-11,52456,A3349639C,74.2
Victoria,Newspaper and book retailing,2004-12,52457,A3349639C,103.2
Victoria,Newspaper and book retailing,2005-01,52458,A3349639C,70.9
Victoria,Newspaper and book retailing,2005-02,52459,A3349639C,63.1
Victoria,Newspaper and book retailing,2005-03,52460,A3349639C,64.7
Victoria,Newspaper and book retailing,2005-04,52461,A3349639C,65.6
Victoria,Newspaper and book retailing,2005-05,52462,A3349639C,68.1
Victoria,Newspaper and book retailing,2005-06,52463,A3349639C,67.2
Victoria,Newspaper and book retailing,2005-07,52464,A3349639C,72.4
Victoria,Newspaper and book retailing,2005-08,52465,A3349639C,75.3
Victoria,Newspaper and book retailing,2005-09,52466,A3349639C,74.2
Victoria,Newspaper and book retailing,2005-10,52467,A3349639C,72.8
Victoria,Newspaper and book retailing,2005-11,52468,A3349639C,78.4
Victoria,Newspaper and book retailing,2005-12,52469,A3349639C,108.7
Victoria,Newspaper and book retailing,2006-01,52470,A3349639C,74.5
Victoria,Newspaper and book retailing,2006-02,52471,A3349639C,65.9
Victoria,Newspaper and book retailing,2006-03,52472,A3349639C,68.6
Victoria,Newspaper and book retailing,2006-04,52473,A3349639C,66.2
Victoria,Newspaper and book retailing,2006-05,52474,A3349639C,69.3
Victoria,Newspaper and book retailing,2006-06,52475,A3349639C,67.8
Victoria,Newspaper and book retailing,2006-07,52476,A3349639C,65.8
Victoria,Newspaper and book retailing,2006-08,52477,A3349639C,67.2
Victoria,Newspaper and book retailing,2006-09,52478,A3349639C,65.0
Victoria,Newspaper and book retailing,2006-10,52479,A3349639C,70.6
Victoria,Newspaper and book retailing,2006-11,52480,A3349639C,76.0
Victoria,Newspaper and book retailing,2006-12,52481,A3349639C,107.7
Victoria,Newspaper and book retailing,2007-01,52482,A3349639C,74.3
Victoria,Newspaper and book retailing,2007-02,52483,A3349639C,71.9
Victoria,Newspaper and book retailing,2007-03,52484,A3349639C,78.2
Victoria,Newspaper and book retailing,2007-04,52485,A3349639C,68.9
Victoria,Newspaper and book retailing,2007-05,52486,A3349639C,72.4
Victoria,Newspaper and book retailing,2007-06,52487,A3349639C,70.2
Victoria,Newspaper and book retailing,2007-07,52488,A3349639C,75.4
Victoria,Newspaper and book retailing,2007-08,52489,A3349639C,78.4
Victoria,Newspaper and book retailing,2007-09,52490,A3349639C,75.6
Victoria,Newspaper and book retailing,2007-10,52491,A3349639C,94.8
Victoria,Newspaper and book retailing,2007-11,52492,A3349639C,101.8
Victoria,Newspaper and book retailing,2007-12,52493,A3349639C,145.1
Victoria,Newspaper and book retailing,2008-01,52494,A3349639C,96.1
Victoria,Newspaper and book retailing,2008-02,52495,A3349639C,84.4
Victoria,Newspaper and book retailing,2008-03,52496,A3349639C,81.0
Victoria,Newspaper and book retailing,2008-04,52497,A3349639C,77.7
Victoria,Newspaper and book retailing,2008-05,52498,A3349639C,80.5
Victoria,Newspaper and book retailing,2008-06,52499,A3349639C,73.9
Victoria,Newspaper and book retailing,2008-07,52500,A3349639C,82.3
Victoria,Newspaper and book retailing,2008-08,52501,A3349639C,83.2
Victoria,Newspaper and book retailing,2008-09,52502,A3349639C,83.0
Victoria,Newspaper and book retailing,2008-10,52503,A3349639C,88.3
Victoria,Newspaper and book retailing,2008-11,52504,A3349639C,91.0
Victoria,Newspaper and book retailing,2008-12,52505,A3349639C,139.9
Victoria,Newspaper and book retailing,2009-01,52506,A3349639C,92.6
Victoria,Newspaper and book retailing,2009-02,52507,A3349639C,79.8
Victoria,Newspaper and book retailing,2009-03,52508,A3349639C,84.6
Victoria,Newspaper and book retailing,2009-04,52509,A3349639C,73.8
Victoria,Newspaper and book retailing,2009-05,52510,A3349639C,74.3
Victoria,Newspaper and book retailing,2009-06,52511,A3349639C,70.8
Victoria,Newspaper and book retailing,2009-07,52512,A3349639C,76.7
Victoria,Newspaper and book retailing,2009-08,52513,A3349639C,70.4
Victoria,Newspaper and book retailing,2009-09,52514,A3349639C,69.2
Victoria,Newspaper and book retailing,2009-10,52515,A3349639C,72.6
Victoria,Newspaper and book retailing,2009-11,52516,A3349639C,72.6
Victoria,Newspaper and book retailing,2009-12,52517,A3349639C,107.0
Victoria,Newspaper and book retailing,2010-01,52518,A3349639C,62.8
Victoria,Newspaper and book retailing,2010-02,52519,A3349639C,66.9
Victoria,Newspaper and book retailing,2010-03,52520,A3349639C,74.2
Victoria,Newspaper and book retailing,2010-04,52521,A3349639C,82.7
Victoria,Newspaper and book retailing,2010-05,52522,A3349639C,84.3
Victoria,Newspaper and book retailing,2010-06,52523,A3349639C,79.6
Victoria,Newspaper and book retailing,2010-07,52524,A3349639C,87.9
Victoria,Newspaper and book retailing,2010-08,52525,A3349639C,87.1
Victoria,Newspaper and book retailing,2010-09,52526,A3349639C,88.6
Victoria,Newspaper and book retailing,2010-10,52527,A3349639C,100.3
Victoria,Newspaper and book retailing,2010-11,52528,A3349639C,102.9
Victoria,Newspaper and book retailing,2010-12,52529,A3349639C,166.7
Victoria,Newspaper and book retailing,2011-01,52530,A3349639C,88.9
Victoria,Newspaper and book retailing,2011-02,52531,A3349639C,89.9
Victoria,Newspaper and book retailing,2011-03,52532,A3349639C,96.8
Victoria,Newspaper and book retailing,2011-04,52533,A3349639C,85.3
Victoria,Newspaper and book retailing,2011-05,52534,A3349639C,86.5
Victoria,Newspaper and book retailing,2011-06,52535,A3349639C,79.4
Victoria,Newspaper and book retailing,2011-07,52536,A3349639C,86.8
Victoria,Newspaper and book retailing,2011-08,52537,A3349639C,83.0
Victoria,Newspaper and book retailing,2011-09,52538,A3349639C,78.6
Victoria,Newspaper and book retailing,2011-10,52539,A3349639C,79.3
Victoria,Newspaper and book retailing,2011-11,52540,A3349639C,86.2
Victoria,Newspaper and book retailing,2011-12,52541,A3349639C,135.4
Victoria,Newspaper and book retailing,2012-01,52542,A3349639C,79.4
Victoria,Newspaper and book retailing,2012-02,52543,A3349639C,84.8
Victoria,Newspaper and book retailing,2012-03,52544,A3349639C,87.2
Victoria,Newspaper and book retailing,2012-04,52545,A3349639C,81.7
Victoria,Newspaper and book retailing,2012-05,52546,A3349639C,90.1
Victoria,Newspaper and book retailing,2012-06,52547,A3349639C,78.0
Victoria,Newspaper and book retailing,2012-07,52548,A3349639C,78.9
Victoria,Newspaper and book retailing,2012-08,52549,A3349639C,86.5
Victoria,Newspaper and book retailing,2012-09,52550,A3349639C,81.4
Victoria,Newspaper and book retailing,2012-10,52551,A3349639C,83.1
Victoria,Newspaper and book retailing,2012-11,52552,A3349639C,92.9
Victoria,Newspaper and book retailing,2012-12,52553,A3349639C,125.8
Victoria,Newspaper and book retailing,2013-01,52554,A3349639C,77.2
Victoria,Newspaper and book retailing,2013-02,52555,A3349639C,81.5
Victoria,Newspaper and book retailing,2013-03,52556,A3349639C,81.7
Victoria,Newspaper and book retailing,2013-04,52557,A3349639C,55.0
Victoria,Newspaper and book retailing,2013-05,52558,A3349639C,66.2
Victoria,Newspaper and book retailing,2013-06,52559,A3349639C,57.7
Victoria,Newspaper and book retailing,2013-07,52560,A3349639C,56.7
Victoria,Newspaper and book retailing,2013-08,52561,A3349639C,61.2
Victoria,Newspaper and book retailing,2013-09,52562,A3349639C,51.1
Victoria,Newspaper and book retailing,2013-10,52563,A3349639C,57.5
Victoria,Newspaper and book retailing,2013-11,52564,A3349639C,65.7
Victoria,Newspaper and book retailing,2013-12,52565,A3349639C,90.4
Victoria,Newspaper and book retailing,2014-01,52566,A3349639C,73.2
Victoria,Newspaper and book retailing,2014-02,52567,A3349639C,65.7
Victoria,Newspaper and book retailing,2014-03,52568,A3349639C,65.7
Victoria,Newspaper and book retailing,2014-04,52569,A3349639C,57.6
Victoria,Newspaper and book retailing,2014-05,52570,A3349639C,65.5
Victoria,Newspaper and book retailing,2014-06,52571,A3349639C,54.8
Victoria,Newspaper and book retailing,2014-07,52572,A3349639C,61.1
Victoria,Newspaper and book retailing,2014-08,52573,A3349639C,65.8
Victoria,Newspaper and book retailing,2014-09,52574,A3349639C,59.2
Victoria,Newspaper and book retailing,2014-10,52575,A3349639C,56.9
Victoria,Newspaper and book retailing,2014-11,52576,A3349639C,61.6
Victoria,Newspaper and book retailing,2014-12,52577,A3349639C,79.3
Victoria,Newspaper and book retailing,2015-01,52578,A3349639C,44.6
Victoria,Newspaper and book retailing,2015-02,52579,A3349639C,45.5
Victoria,Newspaper and book retailing,2015-03,52580,A3349639C,52.0
Victoria,Newspaper and book retailing,2015-04,52581,A3349639C,41.0
Victoria,Newspaper and book retailing,2015-05,52582,A3349639C,41.7
Victoria,Newspaper and book retailing,2015-06,52583,A3349639C,38.9
Victoria,Newspaper and book retailing,2015-07,52584,A3349639C,41.9
Victoria,Newspaper and book retailing,2015-08,52585,A3349639C,43.9
Victoria,Newspaper and book retailing,2015-09,52586,A3349639C,41.6
Victoria,Newspaper and book retailing,2015-10,52587,A3349639C,46.6
Victoria,Newspaper and book retailing,2015-11,52588,A3349639C,50.2
Victoria,Newspaper and book retailing,2015-12,52589,A3349639C,72.4
Victoria,Newspaper and book retailing,2016-01,52590,A3349639C,42.7
Victoria,Newspaper and book retailing,2016-02,52591,A3349639C,43.2
Victoria,Newspaper and book retailing,2016-03,52592,A3349639C,47.6
Victoria,Newspaper and book retailing,2016-04,52593,A3349639C,45.9
Victoria,Newspaper and book retailing,2016-05,52594,A3349639C,47.1
Victoria,Newspaper and book retailing,2016-06,52595,A3349639C,43.3
Victoria,Newspaper and book retailing,2016-07,52596,A3349639C,44.9
Victoria,Newspaper and book retailing,2016-08,52597,A3349639C,49.1
Victoria,Newspaper and book retailing,2016-09,52598,A3349639C,45.7
Victoria,Newspaper and book retailing,2016-10,52599,A3349639C,46.8
Victoria,Newspaper and book retailing,2016-11,52600,A3349639C,52.1
Victoria,Newspaper and book retailing,2016-12,52601,A3349639C,81.8
Victoria,Newspaper and book retailing,2017-01,52602,A3349639C,48.7
Victoria,Newspaper and book retailing,2017-02,52603,A3349639C,50.3
Victoria,Newspaper and book retailing,2017-03,52604,A3349639C,54.2
Victoria,Newspaper and book retailing,2017-04,52605,A3349639C,46.3
Victoria,Newspaper and book retailing,2017-05,52606,A3349639C,45.1
Victoria,Newspaper and book retailing,2017-06,52607,A3349639C,42.2
Victoria,Newspaper and book retailing,2017-07,52608,A3349639C,45.0
Victoria,Newspaper and book retailing,2017-08,52609,A3349639C,47.3
Victoria,Newspaper and book retailing,2017-09,52610,A3349639C,43.9
Victoria,Newspaper and book retailing,2017-10,52611,A3349639C,45.9
Victoria,Newspaper and book retailing,2017-11,52612,A3349639C,49.7
Victoria,Newspaper and book retailing,2017-12,52613,A3349639C,75.8
Victoria,Newspaper and book retailing,2018-01,52614,A3349639C,47.6
Victoria,Newspaper and book retailing,2018-02,52615,A3349639C,42.8
Victoria,Newspaper and book retailing,2018-03,52616,A3349639C,43.7
Victoria,Newspaper and book retailing,2018-04,52617,A3349639C,40.8
Victoria,Newspaper and book retailing,2018-05,52618,A3349639C,40.6
Victoria,Newspaper and book retailing,2018-06,52619,A3349639C,39.1
Victoria,Newspaper and book retailing,2018-07,52620,A3349639C,37.3
Victoria,Newspaper and book retailing,2018-08,52621,A3349639C,39.3
Victoria,Newspaper and book retailing,2018-09,52622,A3349639C,38.9
Victoria,Newspaper and book retailing,2018-10,52623,A3349639C,39.8
Victoria,Newspaper and book retailing,2018-11,52624,A3349639C,41.7
Victoria,Newspaper and book retailing,2018-12,52625,A3349639C,60.1
Western Australia,Newspaper and book retailing,1982-04,61005,A3349822A,9.7
Western Australia,Newspaper and book retailing,1982-05,61006,A3349822A,11.0
Western Australia,Newspaper and book retailing,1982-06,61007,A3349822A,10.7
Western Australia,Newspaper and book retailing,1982-07,61008,A3349822A,9.0
Western Australia,Newspaper and book retailing,1982-08,61009,A3349822A,9.1
Western Australia,Newspaper and book retailing,1982-09,61010,A3349822A,10.0
Western Australia,Newspaper and book retailing,1982-10,61011,A3349822A,7.7
Western Australia,Newspaper and book retailing,1982-11,61012,A3349822A,8.4
Western Australia,Newspaper and book retailing,1982-12,61013,A3349822A,11.8
Western Australia,Newspaper and book retailing,1983-01,61014,A3349822A,7.4
Western Australia,Newspaper and book retailing,1983-02,61015,A3349822A,7.4
Western Australia,Newspaper and book retailing,1983-03,61016,A3349822A,7.3
Western Australia,Newspaper and book retailing,1983-04,61017,A3349822A,7.4
Western Australia,Newspaper and book retailing,1983-05,61018,A3349822A,8.3
Western Australia,Newspaper and book retailing,1983-06,61019,A3349822A,7.2
Western Australia,Newspaper and book retailing,1983-07,61020,A3349822A,7.6
Western Australia,Newspaper and book retailing,1983-08,61021,A3349822A,8.9
Western Australia,Newspaper and book retailing,1983-09,61022,A3349822A,7.6
Western Australia,Newspaper and book retailing,1983-10,61023,A3349822A,8.5
Western Australia,Newspaper and book retailing,1983-11,61024,A3349822A,9.2
Western Australia,Newspaper and book retailing,1983-12,61025,A3349822A,13.5
Western Australia,Newspaper and book retailing,1984-01,61026,A3349822A,10.3
Western Australia,Newspaper and book retailing,1984-02,61027,A3349822A,10.7
Western Australia,Newspaper and book retailing,1984-03,61028,A3349822A,10.7
Western Australia,Newspaper and book retailing,1984-04,61029,A3349822A,9.8
Western Australia,Newspaper and book retailing,1984-05,61030,A3349822A,11.2
Western Australia,Newspaper and book retailing,1984-06,61031,A3349822A,10.1
Western Australia,Newspaper and book retailing,1984-07,61032,A3349822A,10.7
Western Australia,Newspaper and book retailing,1984-08,61033,A3349822A,11.6
Western Australia,Newspaper and book retailing,1984-09,61034,A3349822A,10.9
Western Australia,Newspaper and book retailing,1984-10,61035,A3349822A,12.4
Western Australia,Newspaper and book retailing,1984-11,61036,A3349822A,12.7
Western Australia,Newspaper and book retailing,1984-12,61037,A3349822A,15.6
Western Australia,Newspaper and book retailing,1985-01,61038,A3349822A,12.4
Western Australia,Newspaper and book retailing,1985-02,61039,A3349822A,11.4
Western Australia,Newspaper and book retailing,1985-03,61040,A3349822A,11.6
Western Australia,Newspaper and book retailing,1985-04,61041,A3349822A,11.3
Western Australia,Newspaper and book retailing,1985-05,61042,A3349822A,12.6
Western Australia,Newspaper and book retailing,1985-06,61043,A3349822A,10.8
Western Australia,Newspaper and book retailing,1985-07,61044,A3349822A,12.7
Western Australia,Newspaper and book retailing,1985-08,61045,A3349822A,13.2
Western Australia,Newspaper and book retailing,1985-09,61046,A3349822A,11.6
Western Australia,Newspaper and book retailing,1985-10,61047,A3349822A,11.6
Western Australia,Newspaper and book retailing,1985-11,61048,A3349822A,12.6
Western Australia,Newspaper and book retailing,1985-12,61049,A3349822A,17.2
Western Australia,Newspaper and book retailing,1986-01,61050,A3349822A,12.9
Western Australia,Newspaper and book retailing,1986-02,61051,A3349822A,13.0
Western Australia,Newspaper and book retailing,1986-03,61052,A3349822A,12.3
Western Australia,Newspaper and book retailing,1986-04,61053,A3349822A,12.3
Western Australia,Newspaper and book retailing,1986-05,61054,A3349822A,12.9
Western Australia,Newspaper and book retailing,1986-06,61055,A3349822A,11.4
Western Australia,Newspaper and book retailing,1986-07,61056,A3349822A,13.3
Western Australia,Newspaper and book retailing,1986-08,61057,A3349822A,13.4
Western Australia,Newspaper and book retailing,1986-09,61058,A3349822A,13.2
Western Australia,Newspaper and book retailing,1986-10,61059,A3349822A,14.6
Western Australia,Newspaper and book retailing,1986-11,61060,A3349822A,14.9
Western Australia,Newspaper and book retailing,1986-12,61061,A3349822A,21.0
Western Australia,Newspaper and book retailing,1987-01,61062,A3349822A,16.5
Western Australia,Newspaper and book retailing,1987-02,61063,A3349822A,17.0
Western Australia,Newspaper and book retailing,1987-03,61064,A3349822A,16.5
Western Australia,Newspaper and book retailing,1987-04,61065,A3349822A,17.7
Western Australia,Newspaper and book retailing,1987-05,61066,A3349822A,19.3
Western Australia,Newspaper and book retailing,1987-06,61067,A3349822A,17.8
Western Australia,Newspaper and book retailing,1987-07,61068,A3349822A,17.6
Western Australia,Newspaper and book retailing,1987-08,61069,A3349822A,18.4
Western Australia,Newspaper and book retailing,1987-09,61070,A3349822A,18.0
Western Australia,Newspaper and book retailing,1987-10,61071,A3349822A,18.6
Western Australia,Newspaper and book retailing,1987-11,61072,A3349822A,16.7
Western Australia,Newspaper and book retailing,1987-12,61073,A3349822A,25.1
Western Australia,Newspaper and book retailing,1988-01,61074,A3349822A,13.9
Western Australia,Newspaper and book retailing,1988-02,61075,A3349822A,15.5
Western Australia,Newspaper and book retailing,1988-03,61076,A3349822A,16.2
Western Australia,Newspaper and book retailing,1988-04,61077,A3349822A,14.3
Western Australia,Newspaper and book retailing,1988-05,61078,A3349822A,17.3
Western Australia,Newspaper and book retailing,1988-06,61079,A3349822A,16.2
Western Australia,Newspaper and book retailing,1988-07,61080,A3349822A,15.0
Western Australia,Newspaper and book retailing,1988-08,61081,A3349822A,16.2
Western Australia,Newspaper and book retailing,1988-09,61082,A3349822A,14.3
Western Australia,Newspaper and book retailing,1988-10,61083,A3349822A,14.6
Western Australia,Newspaper and book retailing,1988-11,61084,A3349822A,15.7
Western Australia,Newspaper and book retailing,1988-12,61085,A3349822A,20.9
Western Australia,Newspaper and book retailing,1989-01,61086,A3349822A,20.4
Western Australia,Newspaper and book retailing,1989-02,61087,A3349822A,16.6
Western Australia,Newspaper and book retailing,1989-03,61088,A3349822A,15.2
Western Australia,Newspaper and book retailing,1989-04,61089,A3349822A,12.1
Western Australia,Newspaper and book retailing,1989-05,61090,A3349822A,14.0
Western Australia,Newspaper and book retailing,1989-06,61091,A3349822A,15.2
Western Australia,Newspaper and book retailing,1989-07,61092,A3349822A,15.1
Western Australia,Newspaper and book retailing,1989-08,61093,A3349822A,16.8
Western Australia,Newspaper and book retailing,1989-09,61094,A3349822A,15.9
Western Australia,Newspaper and book retailing,1989-10,61095,A3349822A,16.4
Western Australia,Newspaper and book retailing,1989-11,61096,A3349822A,17.3
Western Australia,Newspaper and book retailing,1989-12,61097,A3349822A,19.0
Western Australia,Newspaper and book retailing,1990-01,61098,A3349822A,16.5
Western Australia,Newspaper and book retailing,1990-02,61099,A3349822A,17.2
Western Australia,Newspaper and book retailing,1990-03,61100,A3349822A,17.2
Western Australia,Newspaper and book retailing,1990-04,61101,A3349822A,19.0
Western Australia,Newspaper and book retailing,1990-05,61102,A3349822A,17.8
Western Australia,Newspaper and book retailing,1990-06,61103,A3349822A,19.5
Western Australia,Newspaper and book retailing,1990-07,61104,A3349822A,16.6
Western Australia,Newspaper and book retailing,1990-08,61105,A3349822A,18.5
Western Australia,Newspaper and book retailing,1990-09,61106,A3349822A,17.3
Western Australia,Newspaper and book retailing,1990-10,61107,A3349822A,16.5
Western Australia,Newspaper and book retailing,1990-11,61108,A3349822A,17.3
Western Australia,Newspaper and book retailing,1990-12,61109,A3349822A,21.9
Western Australia,Newspaper and book retailing,1991-01,61110,A3349822A,15.2
Western Australia,Newspaper and book retailing,1991-02,61111,A3349822A,16.4
Western Australia,Newspaper and book retailing,1991-03,61112,A3349822A,18.0
Western Australia,Newspaper and book retailing,1991-04,61113,A3349822A,14.2
Western Australia,Newspaper and book retailing,1991-05,61114,A3349822A,16.5
Western Australia,Newspaper and book retailing,1991-06,61115,A3349822A,14.2
Western Australia,Newspaper and book retailing,1991-07,61116,A3349822A,14.1
Western Australia,Newspaper and book retailing,1991-08,61117,A3349822A,13.5
Western Australia,Newspaper and book retailing,1991-09,61118,A3349822A,14.2
Western Australia,Newspaper and book retailing,1991-10,61119,A3349822A,13.5
Western Australia,Newspaper and book retailing,1991-11,61120,A3349822A,15.1
Western Australia,Newspaper and book retailing,1991-12,61121,A3349822A,18.2
Western Australia,Newspaper and book retailing,1992-01,61122,A3349822A,13.1
Western Australia,Newspaper and book retailing,1992-02,61123,A3349822A,11.7
Western Australia,Newspaper and book retailing,1992-03,61124,A3349822A,13.6
Western Australia,Newspaper and book retailing,1992-04,61125,A3349822A,14.6
Western Australia,Newspaper and book retailing,1992-05,61126,A3349822A,11.8
Western Australia,Newspaper and book retailing,1992-06,61127,A3349822A,13.2
Western Australia,Newspaper and book retailing,1992-07,61128,A3349822A,13.5
Western Australia,Newspaper and book retailing,1992-08,61129,A3349822A,13.1
Western Australia,Newspaper and book retailing,1992-09,61130,A3349822A,17.1
Western Australia,Newspaper and book retailing,1992-10,61131,A3349822A,18.6
Western Australia,Newspaper and book retailing,1992-11,61132,A3349822A,18.8
Western Australia,Newspaper and book retailing,1992-12,61133,A3349822A,22.6
Western Australia,Newspaper and book retailing,1993-01,61134,A3349822A,16.9
Western Australia,Newspaper and book retailing,1993-02,61135,A3349822A,19.4
Western Australia,Newspaper and book retailing,1993-03,61136,A3349822A,19.9
Western Australia,Newspaper and book retailing,1993-04,61137,A3349822A,17.6
Western Australia,Newspaper and book retailing,1993-05,61138,A3349822A,18.9
Western Australia,Newspaper and book retailing,1993-06,61139,A3349822A,19.4
Western Australia,Newspaper and book retailing,1993-07,61140,A3349822A,19.7
Western Australia,Newspaper and book retailing,1993-08,61141,A3349822A,19.4
Western Australia,Newspaper and book retailing,1993-09,61142,A3349822A,19.5
Western Australia,Newspaper and book retailing,1993-10,61143,A3349822A,18.1
Western Australia,Newspaper and book retailing,1993-11,61144,A3349822A,19.9
Western Australia,Newspaper and book retailing,1993-12,61145,A3349822A,27.6
Western Australia,Newspaper and book retailing,1994-01,61146,A3349822A,21.7
Western Australia,Newspaper and book retailing,1994-02,61147,A3349822A,21.2
Western Australia,Newspaper and book retailing,1994-03,61148,A3349822A,19.9
Western Australia,Newspaper and book retailing,1994-04,61149,A3349822A,17.3
Western Australia,Newspaper and book retailing,1994-05,61150,A3349822A,18.8
Western Australia,Newspaper and book retailing,1994-06,61151,A3349822A,19.5
Western Australia,Newspaper and book retailing,1994-07,61152,A3349822A,20.8
Western Australia,Newspaper and book retailing,1994-08,61153,A3349822A,21.5
Western Australia,Newspaper and book retailing,1994-09,61154,A3349822A,19.6
Western Australia,Newspaper and book retailing,1994-10,61155,A3349822A,21.7
Western Australia,Newspaper and book retailing,1994-11,61156,A3349822A,21.3
Western Australia,Newspaper and book retailing,1994-12,61157,A3349822A,27.5
Western Australia,Newspaper and book retailing,1995-01,61158,A3349822A,19.6
Western Australia,Newspaper and book retailing,1995-02,61159,A3349822A,17.1
Western Australia,Newspaper and book retailing,1995-03,61160,A3349822A,18.5
Western Australia,Newspaper and book retailing,1995-04,61161,A3349822A,18.0
Western Australia,Newspaper and book retailing,1995-05,61162,A3349822A,19.7
Western Australia,Newspaper and book retailing,1995-06,61163,A3349822A,18.1
Western Australia,Newspaper and book retailing,1995-07,61164,A3349822A,21.5
Western Australia,Newspaper and book retailing,1995-08,61165,A3349822A,22.0
Western Australia,Newspaper and book retailing,1995-09,61166,A3349822A,21.1
Western Australia,Newspaper and book retailing,1995-10,61167,A3349822A,20.8
Western Australia,Newspaper and book retailing,1995-11,61168,A3349822A,21.0
Western Australia,Newspaper and book retailing,1995-12,61169,A3349822A,27.1
Western Australia,Newspaper and book retailing,1996-01,61170,A3349822A,21.6
Western Australia,Newspaper and book retailing,1996-02,61171,A3349822A,20.9
Western Australia,Newspaper and book retailing,1996-03,61172,A3349822A,21.9
Western Australia,Newspaper and book retailing,1996-04,61173,A3349822A,24.2
Western Australia,Newspaper and book retailing,1996-05,61174,A3349822A,24.7
Western Australia,Newspaper and book retailing,1996-06,61175,A3349822A,23.4
Western Australia,Newspaper and book retailing,1996-07,61176,A3349822A,24.1
Western Australia,Newspaper and book retailing,1996-08,61177,A3349822A,23.7
Western Australia,Newspaper and book retailing,1996-09,61178,A3349822A,22.6
Western Australia,Newspaper and book retailing,1996-10,61179,A3349822A,22.6
Western Australia,Newspaper and book retailing,1996-11,61180,A3349822A,20.8
Western Australia,Newspaper and book retailing,1996-12,61181,A3349822A,23.4
Western Australia,Newspaper and book retailing,1997-01,61182,A3349822A,18.6
Western Australia,Newspaper and book retailing,1997-02,61183,A3349822A,17.7
Western Australia,Newspaper and book retailing,1997-03,61184,A3349822A,17.6
Western Australia,Newspaper and book retailing,1997-04,61185,A3349822A,20.0
Western Australia,Newspaper and book retailing,1997-05,61186,A3349822A,20.7
Western Australia,Newspaper and book retailing,1997-06,61187,A3349822A,19.9
Western Australia,Newspaper and book retailing,1997-07,61188,A3349822A,20.9
Western Australia,Newspaper and book retailing,1997-08,61189,A3349822A,20.6
Western Australia,Newspaper and book retailing,1997-09,61190,A3349822A,20.6
Western Australia,Newspaper and book retailing,1997-10,61191,A3349822A,21.4
Western Australia,Newspaper and book retailing,1997-11,61192,A3349822A,20.5
Western Australia,Newspaper and book retailing,1997-12,61193,A3349822A,27.0
Western Australia,Newspaper and book retailing,1998-01,61194,A3349822A,20.0
Western Australia,Newspaper and book retailing,1998-02,61195,A3349822A,18.9
Western Australia,Newspaper and book retailing,1998-03,61196,A3349822A,18.4
Western Australia,Newspaper and book retailing,1998-04,61197,A3349822A,19.5
Western Australia,Newspaper and book retailing,1998-05,61198,A3349822A,20.3
Western Australia,Newspaper and book retailing,1998-06,61199,A3349822A,19.2
Western Australia,Newspaper and book retailing,1998-07,61200,A3349822A,19.8
Western Australia,Newspaper and book retailing,1998-08,61201,A3349822A,19.1
Western Australia,Newspaper and book retailing,1998-09,61202,A3349822A,19.4
Western Australia,Newspaper and book retailing,1998-10,61203,A3349822A,21.5
Western Australia,Newspaper and book retailing,1998-11,61204,A3349822A,20.5
Western Australia,Newspaper and book retailing,1998-12,61205,A3349822A,26.2
Western Australia,Newspaper and book retailing,1999-01,61206,A3349822A,19.2
Western Australia,Newspaper and book retailing,1999-02,61207,A3349822A,20.4
Western Australia,Newspaper and book retailing,1999-03,61208,A3349822A,21.7
Western Australia,Newspaper and book retailing,1999-04,61209,A3349822A,17.9
Western Australia,Newspaper and book retailing,1999-05,61210,A3349822A,18.9
Western Australia,Newspaper and book retailing,1999-06,61211,A3349822A,18.4
Western Australia,Newspaper and book retailing,1999-07,61212,A3349822A,16.2
Western Australia,Newspaper and book retailing,1999-08,61213,A3349822A,15.4
Western Australia,Newspaper and book retailing,1999-09,61214,A3349822A,13.8
Western Australia,Newspaper and book retailing,1999-10,61215,A3349822A,18.7
Western Australia,Newspaper and book retailing,1999-11,61216,A3349822A,21.1
Western Australia,Newspaper and book retailing,1999-12,61217,A3349822A,24.2
Western Australia,Newspaper and book retailing,2000-01,61218,A3349822A,25.6
Western Australia,Newspaper and book retailing,2000-02,61219,A3349822A,25.4
Western Australia,Newspaper and book retailing,2000-03,61220,A3349822A,24.7
Western Australia,Newspaper and book retailing,2000-04,61221,A3349822A,23.7
Western Australia,Newspaper and book retailing,2000-05,61222,A3349822A,26.5
Western Australia,Newspaper and book retailing,2000-06,61223,A3349822A,25.6
Western Australia,Newspaper and book retailing,2000-07,61224,A3349822A,25.4
Western Australia,Newspaper and book retailing,2000-08,61225,A3349822A,26.3
Western Australia,Newspaper and book retailing,2000-09,61226,A3349822A,26.2
Western Australia,Newspaper and book retailing,2000-10,61227,A3349822A,22.9
Western Australia,Newspaper and book retailing,2000-11,61228,A3349822A,23.8
Western Australia,Newspaper and book retailing,2000-12,61229,A3349822A,30.6
Western Australia,Newspaper and book retailing,2001-01,61230,A3349822A,27.1
Western Australia,Newspaper and book retailing,2001-02,61231,A3349822A,24.6
Western Australia,Newspaper and book retailing,2001-03,61232,A3349822A,24.4
Western Australia,Newspaper and book retailing,2001-04,61233,A3349822A,26.6
Western Australia,Newspaper and book retailing,2001-05,61234,A3349822A,27.1
Western Australia,Newspaper and book retailing,2001-06,61235,A3349822A,29.1
Western Australia,Newspaper and book retailing,2001-07,61236,A3349822A,32.2
Western Australia,Newspaper and book retailing,2001-08,61237,A3349822A,34.9
Western Australia,Newspaper and book retailing,2001-09,61238,A3349822A,31.5
Western Australia,Newspaper and book retailing,2001-10,61239,A3349822A,30.5
Western Australia,Newspaper and book retailing,2001-11,61240,A3349822A,31.1
Western Australia,Newspaper and book retailing,2001-12,61241,A3349822A,38.7
Western Australia,Newspaper and book retailing,2002-01,61242,A3349822A,31.0
Western Australia,Newspaper and book retailing,2002-02,61243,A3349822A,30.3
Western Australia,Newspaper and book retailing,2002-03,61244,A3349822A,32.4
Western Australia,Newspaper and book retailing,2002-04,61245,A3349822A,30.4
Western Australia,Newspaper and book retailing,2002-05,61246,A3349822A,31.4
Western Australia,Newspaper and book retailing,2002-06,61247,A3349822A,30.6
Western Australia,Newspaper and book retailing,2002-07,61248,A3349822A,34.9
Western Australia,Newspaper and book retailing,2002-08,61249,A3349822A,36.6
Western Australia,Newspaper and book retailing,2002-09,61250,A3349822A,31.4
Western Australia,Newspaper and book retailing,2002-10,61251,A3349822A,30.7
Western Australia,Newspaper and book retailing,2002-11,61252,A3349822A,30.5
Western Australia,Newspaper and book retailing,2002-12,61253,A3349822A,41.6
Western Australia,Newspaper and book retailing,2003-01,61254,A3349822A,36.3
Western Australia,Newspaper and book retailing,2003-02,61255,A3349822A,32.1
Western Australia,Newspaper and book retailing,2003-03,61256,A3349822A,29.7
Western Australia,Newspaper and book retailing,2003-04,61257,A3349822A,29.3
Western Australia,Newspaper and book retailing,2003-05,61258,A3349822A,31.6
Western Australia,Newspaper and book retailing,2003-06,61259,A3349822A,30.3
Western Australia,Newspaper and book retailing,2003-07,61260,A3349822A,34.2
Western Australia,Newspaper and book retailing,2003-08,61261,A3349822A,39.6
Western Australia,Newspaper and book retailing,2003-09,61262,A3349822A,33.9
Western Australia,Newspaper and book retailing,2003-10,61263,A3349822A,35.1
Western Australia,Newspaper and book retailing,2003-11,61264,A3349822A,35.7
Western Australia,Newspaper and book retailing,2003-12,61265,A3349822A,49.2
Western Australia,Newspaper and book retailing,2004-01,61266,A3349822A,40.5
Western Australia,Newspaper and book retailing,2004-02,61267,A3349822A,37.5
Western Australia,Newspaper and book retailing,2004-03,61268,A3349822A,37.6
Western Australia,Newspaper and book retailing,2004-04,61269,A3349822A,34.1
Western Australia,Newspaper and book retailing,2004-05,61270,A3349822A,34.7
Western Australia,Newspaper and book retailing,2004-06,61271,A3349822A,36.3
Western Australia,Newspaper and book retailing,2004-07,61272,A3349822A,38.9
Western Australia,Newspaper and book retailing,2004-08,61273,A3349822A,39.2
Western Australia,Newspaper and book retailing,2004-09,61274,A3349822A,40.6
Western Australia,Newspaper and book retailing,2004-10,61275,A3349822A,37.5
Western Australia,Newspaper and book retailing,2004-11,61276,A3349822A,41.3
Western Australia,Newspaper and book retailing,2004-12,61277,A3349822A,53.9
Western Australia,Newspaper and book retailing,2005-01,61278,A3349822A,47.6
Western Australia,Newspaper and book retailing,2005-02,61279,A3349822A,42.5
Western Australia,Newspaper and book retailing,2005-03,61280,A3349822A,43.2
Western Australia,Newspaper and book retailing,2005-04,61281,A3349822A,45.2
Western Australia,Newspaper and book retailing,2005-05,61282,A3349822A,44.4
Western Australia,Newspaper and book retailing,2005-06,61283,A3349822A,44.9
Western Australia,Newspaper and book retailing,2005-07,61284,A3349822A,44.9
Western Australia,Newspaper and book retailing,2005-08,61285,A3349822A,46.2
Western Australia,Newspaper and book retailing,2005-09,61286,A3349822A,45.9
Western Australia,Newspaper and book retailing,2005-10,61287,A3349822A,42.1
Western Australia,Newspaper and book retailing,2005-11,61288,A3349822A,47.4
Western Australia,Newspaper and book retailing,2005-12,61289,A3349822A,63.6
Western Australia,Newspaper and book retailing,2006-01,61290,A3349822A,48.6
Western Australia,Newspaper and book retailing,2006-02,61291,A3349822A,40.7
Western Australia,Newspaper and book retailing,2006-03,61292,A3349822A,40.9
Western Australia,Newspaper and book retailing,2006-04,61293,A3349822A,35.9
Western Australia,Newspaper and book retailing,2006-05,61294,A3349822A,35.5
Western Australia,Newspaper and book retailing,2006-06,61295,A3349822A,35.8
Western Australia,Newspaper and book retailing,2006-07,61296,A3349822A,35.2
Western Australia,Newspaper and book retailing,2006-08,61297,A3349822A,36.2
Western Australia,Newspaper and book retailing,2006-09,61298,A3349822A,36.1
Western Australia,Newspaper and book retailing,2006-10,61299,A3349822A,34.3
Western Australia,Newspaper and book retailing,2006-11,61300,A3349822A,38.4
Western Australia,Newspaper and book retailing,2006-12,61301,A3349822A,50.6
Western Australia,Newspaper and book retailing,2007-01,61302,A3349822A,43.5
Western Australia,Newspaper and book retailing,2007-02,61303,A3349822A,34.3
Western Australia,Newspaper and book retailing,2007-03,61304,A3349822A,35.5
Western Australia,Newspaper and book retailing,2007-04,61305,A3349822A,30.6
Western Australia,Newspaper and book retailing,2007-05,61306,A3349822A,33.4
Western Australia,Newspaper and book retailing,2007-06,61307,A3349822A,31.8
Western Australia,Newspaper and book retailing,2007-07,61308,A3349822A,36.9
Western Australia,Newspaper and book retailing,2007-08,61309,A3349822A,35.8
Western Australia,Newspaper and book retailing,2007-09,61310,A3349822A,35.6
Western Australia,Newspaper and book retailing,2007-10,61311,A3349822A,44.2
Western Australia,Newspaper and book retailing,2007-11,61312,A3349822A,45.4
Western Australia,Newspaper and book retailing,2007-12,61313,A3349822A,61.9
Western Australia,Newspaper and book retailing,2008-01,61314,A3349822A,45.5
Western Australia,Newspaper and book retailing,2008-02,61315,A3349822A,46.0
Western Australia,Newspaper and book retailing,2008-03,61316,A3349822A,48.2
Western Australia,Newspaper and book retailing,2008-04,61317,A3349822A,51.8
Western Australia,Newspaper and book retailing,2008-05,61318,A3349822A,54.6
Western Australia,Newspaper and book retailing,2008-06,61319,A3349822A,51.7
Western Australia,Newspaper and book retailing,2008-07,61320,A3349822A,57.1
Western Australia,Newspaper and book retailing,2008-08,61321,A3349822A,53.0
Western Australia,Newspaper and book retailing,2008-09,61322,A3349822A,50.5
Western Australia,Newspaper and book retailing,2008-10,61323,A3349822A,45.9
Western Australia,Newspaper and book retailing,2008-11,61324,A3349822A,44.7
Western Australia,Newspaper and book retailing,2008-12,61325,A3349822A,59.5
Western Australia,Newspaper and book retailing,2009-01,61326,A3349822A,51.1
Western Australia,Newspaper and book retailing,2009-02,61327,A3349822A,38.8
Western Australia,Newspaper and book retailing,2009-03,61328,A3349822A,37.7
Western Australia,Newspaper and book retailing,2009-04,61329,A3349822A,34.8
Western Australia,Newspaper and book retailing,2009-05,61330,A3349822A,36.1
Western Australia,Newspaper and book retailing,2009-06,61331,A3349822A,36.3
Western Australia,Newspaper and book retailing,2009-07,61332,A3349822A,39.6
Western Australia,Newspaper and book retailing,2009-08,61333,A3349822A,39.4
Western Australia,Newspaper and book retailing,2009-09,61334,A3349822A,36.3
Western Australia,Newspaper and book retailing,2009-10,61335,A3349822A,34.9
Western Australia,Newspaper and book retailing,2009-11,61336,A3349822A,33.2
Western Australia,Newspaper and book retailing,2009-12,61337,A3349822A,49.9
Western Australia,Newspaper and book retailing,2010-01,61338,A3349822A,55.1
Western Australia,Newspaper and book retailing,2010-02,61339,A3349822A,34.5
Western Australia,Newspaper and book retailing,2010-03,61340,A3349822A,34.2
Western Australia,Newspaper and book retailing,2010-04,61341,A3349822A,28.4
Western Australia,Newspaper and book retailing,2010-05,61342,A3349822A,29.5
Western Australia,Newspaper and book retailing,2010-06,61343,A3349822A,29.2
Western Australia,Newspaper and book retailing,2010-07,61344,A3349822A,26.4
Western Australia,Newspaper and book retailing,2010-08,61345,A3349822A,27.7
Western Australia,Newspaper and book retailing,2010-09,61346,A3349822A,28.7
Western Australia,Newspaper and book retailing,2010-10,61347,A3349822A,26.5
Western Australia,Newspaper and book retailing,2010-11,61348,A3349822A,28.1
Western Australia,Newspaper and book retailing,2010-12,61349,A3349822A,40.4
Western Australia,Newspaper and book retailing,2011-01,61350,A3349822A,49.1
Western Australia,Newspaper and book retailing,2011-02,61351,A3349822A,35.5
Western Australia,Newspaper and book retailing,2011-03,61352,A3349822A,31.4
Western Australia,Newspaper and book retailing,2011-04,61353,A3349822A,28.3
Western Australia,Newspaper and book retailing,2011-05,61354,A3349822A,25.1
Western Australia,Newspaper and book retailing,2011-06,61355,A3349822A,21.7
Western Australia,Newspaper and book retailing,2011-07,61356,A3349822A,21.8
Western Australia,Newspaper and book retailing,2011-08,61357,A3349822A,22.7
Western Australia,Newspaper and book retailing,2011-09,61358,A3349822A,21.3
Western Australia,Newspaper and book retailing,2011-10,61359,A3349822A,23.3
Western Australia,Newspaper and book retailing,2011-11,61360,A3349822A,24.8
Western Australia,Newspaper and book retailing,2011-12,61361,A3349822A,40.6
Western Australia,Newspaper and book retailing,2012-01,61362,A3349822A,40.3
Western Australia,Newspaper and book retailing,2012-02,61363,A3349822A,28.2
Western Australia,Newspaper and book retailing,2012-03,61364,A3349822A,30.4
Western Australia,Newspaper and book retailing,2012-04,61365,A3349822A,23.2
Western Australia,Newspaper and book retailing,2012-05,61366,A3349822A,26.7
Western Australia,Newspaper and book retailing,2012-06,61367,A3349822A,25.8
Western Australia,Newspaper and book retailing,2012-07,61368,A3349822A,28.5
Western Australia,Newspaper and book retailing,2012-08,61369,A3349822A,29.8
Western Australia,Newspaper and book retailing,2012-09,61370,A3349822A,29.2
Western Australia,Newspaper and book retailing,2012-10,61371,A3349822A,30.0
Western Australia,Newspaper and book retailing,2012-11,61372,A3349822A,32.3
Western Australia,Newspaper and book retailing,2012-12,61373,A3349822A,36.9
Western Australia,Newspaper and book retailing,2013-01,61374,A3349822A,29.5
Western Australia,Newspaper and book retailing,2013-02,61375,A3349822A,28.7
Western Australia,Newspaper and book retailing,2013-03,61376,A3349822A,29.2
Western Australia,Newspaper and book retailing,2013-04,61377,A3349822A,29.3
Western Australia,Newspaper and book retailing,2013-05,61378,A3349822A,30.7
Western Australia,Newspaper and book retailing,2013-06,61379,A3349822A,27.8
Western Australia,Newspaper and book retailing,2013-07,61380,A3349822A,27.9
Western Australia,Newspaper and book retailing,2013-08,61381,A3349822A,32.5
Western Australia,Newspaper and book retailing,2013-09,61382,A3349822A,29.1
Western Australia,Newspaper and book retailing,2013-10,61383,A3349822A,33.2
Western Australia,Newspaper and book retailing,2013-11,61384,A3349822A,36.1
Western Australia,Newspaper and book retailing,2013-12,61385,A3349822A,42.4
Western Australia,Newspaper and book retailing,2014-01,61386,A3349822A,34.7
Western Australia,Newspaper and book retailing,2014-02,61387,A3349822A,34.1
Western Australia,Newspaper and book retailing,2014-03,61388,A3349822A,34.4
Western Australia,Newspaper and book retailing,2014-04,61389,A3349822A,31.5
Western Australia,Newspaper and book retailing,2014-05,61390,A3349822A,33.7
Western Australia,Newspaper and book retailing,2014-06,61391,A3349822A,33.5
Western Australia,Newspaper and book retailing,2014-07,61392,A3349822A,36.9
Western Australia,Newspaper and book retailing,2014-08,61393,A3349822A,39.7
Western Australia,Newspaper and book retailing,2014-09,61394,A3349822A,32.6
Western Australia,Newspaper and book retailing,2014-10,61395,A3349822A,32.5
Western Australia,Newspaper and book retailing,2014-11,61396,A3349822A,32.4
Western Australia,Newspaper and book retailing,2014-12,61397,A3349822A,44.3
Western Australia,Newspaper and book retailing,2015-01,61398,A3349822A,35.2
Western Australia,Newspaper and book retailing,2015-02,61399,A3349822A,29.3
Western Australia,Newspaper and book retailing,2015-03,61400,A3349822A,31.7
Western Australia,Newspaper and book retailing,2015-04,61401,A3349822A,27.1
Western Australia,Newspaper and book retailing,2015-05,61402,A3349822A,27.5
Western Australia,Newspaper and book retailing,2015-06,61403,A3349822A,26.6
Western Australia,Newspaper and book retailing,2015-07,61404,A3349822A,30.2
Western Australia,Newspaper and book retailing,2015-08,61405,A3349822A,37.2
Western Australia,Newspaper and book retailing,2015-09,61406,A3349822A,38.7
Western Australia,Newspaper and book retailing,2015-10,61407,A3349822A,43.4
Western Australia,Newspaper and book retailing,2015-11,61408,A3349822A,46.5
Western Australia,Newspaper and book retailing,2015-12,61409,A3349822A,62.0
Western Australia,Newspaper and book retailing,2016-01,61410,A3349822A,44.3
Western Australia,Newspaper and book retailing,2016-02,61411,A3349822A,41.4
Western Australia,Newspaper and book retailing,2016-03,61412,A3349822A,42.0
Western Australia,Newspaper and book retailing,2016-04,61413,A3349822A,35.7
Western Australia,Newspaper and book retailing,2016-05,61414,A3349822A,38.4
Western Australia,Newspaper and book retailing,2016-06,61415,A3349822A,38.5
Western Australia,Newspaper and book retailing,2016-07,61416,A3349822A,40.8
Western Australia,Newspaper and book retailing,2016-08,61417,A3349822A,41.7
Western Australia,Newspaper and book retailing,2016-09,61418,A3349822A,40.0
Western Australia,Newspaper and book retailing,2016-10,61419,A3349822A,40.8
Western Australia,Newspaper and book retailing,2016-11,61420,A3349822A,44.5
Western Australia,Newspaper and book retailing,2016-12,61421,A3349822A,57.5
Western Australia,Newspaper and book retailing,2017-01,61422,A3349822A,45.8
Western Australia,Newspaper and book retailing,2017-02,61423,A3349822A,39.1
Western Australia,Newspaper and book retailing,2017-03,61424,A3349822A,40.5
Western Australia,Newspaper and book retailing,2017-04,61425,A3349822A,34.3
Western Australia,Newspaper and book retailing,2017-05,61426,A3349822A,37.5
Western Australia,Newspaper and book retailing,2017-06,61427,A3349822A,36.0
Western Australia,Newspaper and book retailing,2017-07,61428,A3349822A,36.1
Western Australia,Newspaper and book retailing,2017-08,61429,A3349822A,41.5
Western Australia,Newspaper and book retailing,2017-09,61430,A3349822A,36.1
Western Australia,Newspaper and book retailing,2017-10,61431,A3349822A,39.5
Western Australia,Newspaper and book retailing,2017-11,61432,A3349822A,43.3
Western Australia,Newspaper and book retailing,2017-12,61433,A3349822A,54.0
Western Australia,Newspaper and book retailing,2018-01,61434,A3349822A,45.2
Western Australia,Newspaper and book retailing,2018-02,61435,A3349822A,37.0
Western Australia,Newspaper and book retailing,2018-03,61436,A3349822A,39.2
Western Australia,Newspaper and book retailing,2018-04,61437,A3349822A,35.7
Western Australia,Newspaper and book retailing,2018-05,61438,A3349822A,38.5
Western Australia,Newspaper and book retailing,2018-06,61439,A3349822A,38.3
Western Australia,Newspaper and book retailing,2018-07,61440,A3349822A,35.4
Western Australia,Newspaper and book retailing,2018-08,61441,A3349822A,38.3
Western Australia,Newspaper and book retailing,2018-09,61442,A3349822A,37.2
Western Australia,Newspaper and book retailing,2018-10,61443,A3349822A,36.6
Western Australia,Newspaper and book retailing,2018-11,61444,A3349822A,38.6
Western Australia,Newspaper and book retailing,2018-12,61445,A3349822A,53.6
